"ID","Carrier","FlightNo","Destination","DepartTime","Day","Month","FlightLength","Delay","Delayed30"
1,"UA",403,"DEN","4-8am","Fri","May",281,-1,"No"
3,"UA",409,"DEN","4-8pm","Fri","May",279,4,"No"
5,"UA",667,"ORD","4-8am","Fri","May",143,-3,"No"
6,"UA",669,"ORD","4-8am","Fri","May",150,0,"No"
13,"UA",687,"ORD","4-8pm","Fri","May",160,0,"No"
14,"UA",689,"ORD","4-8pm","Fri","May",160,44,"Yes"
15,"UA",691,"ORD","4-8pm","Fri","May",160,52,"Yes"
16,"UA",693,"ORD","4-8pm","Fri","May",160,88,"Yes"
20,"UA",847,"IAD","4-8pm","Fri","May",92,-1,"No"
21,"UA",403,"DEN","4-8am","Sat","May",281,-9,"No"
24,"UA",669,"ORD","4-8am","Sat","May",160,-8,"No"
29,"UA",689,"ORD","4-8pm","Sat","May",163,-17,"No"
30,"UA",691,"ORD","4-8pm","Sat","May",163,-4,"No"
33,"UA",847,"IAD","4-8pm","Sat","May",68,-9,"No"
34,"UA",403,"DEN","4-8am","Sun","May",281,1,"No"
36,"UA",409,"DEN","4-8pm","Sun","May",279,-5,"No"
44,"UA",687,"ORD","4-8pm","Sun","May",160,-5,"No"
45,"UA",689,"ORD","4-8pm","Sun","May",160,34,"Yes"
46,"UA",691,"ORD","4-8pm","Sun","May",160,-5,"No"
47,"UA",693,"ORD","4-8pm","Sun","May",160,178,"Yes"
49,"UA",835,"ORD","4-8am","Sun","May",160,0,"No"
50,"UA",847,"IAD","4-8pm","Sun","May",92,28,"No"
51,"UA",403,"DEN","4-8am","Mon","May",281,-3,"No"
53,"UA",409,"DEN","4-8pm","Mon","May",279,50,"Yes"
55,"UA",667,"ORD","4-8am","Mon","May",143,-6,"No"
56,"UA",669,"ORD","4-8am","Mon","May",150,-2,"No"
62,"UA",687,"ORD","4-8pm","Mon","May",160,81,"Yes"
63,"UA",689,"ORD","4-8pm","Mon","May",160,0,"No"
64,"UA",691,"ORD","4-8pm","Mon","May",160,5,"No"
65,"UA",693,"ORD","4-8pm","Mon","May",160,49,"Yes"
69,"UA",847,"IAD","4-8pm","Mon","May",92,-7,"No"
70,"UA",403,"DEN","4-8am","Tue","May",281,-4,"No"
72,"UA",409,"DEN","4-8pm","Tue","May",279,115,"Yes"
74,"UA",667,"ORD","4-8am","Tue","May",143,-2,"No"
75,"UA",669,"ORD","4-8am","Tue","May",150,-2,"No"
81,"UA",689,"ORD","4-8pm","Tue","May",160,15,"No"
82,"UA",691,"ORD","4-8pm","Tue","May",160,68,"Yes"
83,"UA",693,"ORD","4-8pm","Tue","May",163,60,"Yes"
87,"UA",847,"IAD","4-8pm","Tue","May",92,79,"Yes"
88,"UA",403,"DEN","4-8am","Wed","May",281,-1,"No"
90,"UA",409,"DEN","4-8pm","Wed","May",279,10,"No"
92,"UA",667,"ORD","4-8am","Wed","May",143,-6,"No"
93,"UA",669,"ORD","4-8am","Wed","May",150,-5,"No"
100,"UA",687,"ORD","4-8pm","Wed","May",160,73,"Yes"
101,"UA",689,"ORD","4-8pm","Wed","May",160,98,"Yes"
102,"UA",691,"ORD","4-8pm","Wed","May",160,118,"Yes"
103,"UA",693,"ORD","4-8pm","Wed","May",160,0,"No"
107,"UA",847,"IAD","4-8pm","Wed","May",92,100,"Yes"
108,"UA",403,"DEN","4-8am","Thu","May",281,-4,"No"
110,"UA",409,"DEN","4-8pm","Thu","May",279,20,"No"
112,"UA",667,"ORD","4-8am","Thu","May",143,-4,"No"
113,"UA",669,"ORD","4-8am","Thu","May",150,-3,"No"
120,"UA",687,"ORD","4-8pm","Thu","May",160,9,"No"
121,"UA",689,"ORD","4-8pm","Thu","May",160,140,"Yes"
122,"UA",691,"ORD","4-8pm","Thu","May",160,105,"Yes"
123,"UA",693,"ORD","4-8pm","Thu","May",160,115,"Yes"
127,"UA",847,"IAD","4-8pm","Thu","May",92,83,"Yes"
128,"UA",403,"DEN","4-8am","Fri","May",281,-4,"No"
130,"UA",409,"DEN","4-8pm","Fri","May",279,-2,"No"
132,"UA",667,"ORD","4-8am","Fri","May",143,-10,"No"
133,"UA",669,"ORD","4-8am","Fri","May",150,-2,"No"
140,"UA",687,"ORD","4-8pm","Fri","May",160,-5,"No"
141,"UA",689,"ORD","4-8pm","Fri","May",160,19,"No"
142,"UA",691,"ORD","4-8pm","Fri","May",160,-2,"No"
143,"UA",693,"ORD","4-8pm","Fri","May",160,-9,"No"
147,"UA",847,"IAD","4-8pm","Fri","May",92,14,"No"
148,"UA",403,"DEN","4-8am","Sat","May",280,-5,"No"
151,"UA",669,"ORD","4-8am","Sat","May",160,-1,"No"
155,"UA",689,"ORD","4-8pm","Sat","May",160,-6,"No"
156,"UA",691,"ORD","4-8pm","Sat","May",158,-4,"No"
159,"UA",847,"IAD","4-8pm","Sat","May",68,-7,"No"
160,"UA",403,"DEN","4-8am","Sun","May",281,-4,"No"
162,"UA",409,"DEN","4-8pm","Sun","May",279,-7,"No"
164,"UA",669,"ORD","4-8am","Sun","May",160,-16,"No"
171,"UA",687,"ORD","4-8pm","Sun","May",160,-5,"No"
172,"UA",689,"ORD","4-8pm","Sun","May",160,-10,"No"
173,"UA",691,"ORD","4-8pm","Sun","May",160,2,"No"
174,"UA",693,"ORD","4-8pm","Sun","May",160,20,"No"
176,"UA",847,"IAD","4-8pm","Sun","May",92,24,"No"
177,"UA",403,"DEN","4-8am","Mon","May",281,-4,"No"
179,"UA",409,"DEN","4-8pm","Mon","May",279,1,"No"
181,"UA",667,"ORD","4-8am","Mon","May",143,-3,"No"
182,"UA",669,"ORD","4-8am","Mon","May",150,-5,"No"
189,"UA",687,"ORD","4-8pm","Mon","May",160,-11,"No"
190,"UA",689,"ORD","4-8pm","Mon","May",160,-10,"No"
191,"UA",691,"ORD","4-8pm","Mon","May",160,9,"No"
192,"UA",693,"ORD","4-8pm","Mon","May",160,21,"No"
196,"UA",847,"IAD","4-8pm","Mon","May",92,-4,"No"
197,"UA",403,"DEN","4-8am","Tue","May",281,-1,"No"
199,"UA",409,"DEN","4-8pm","Tue","May",279,1,"No"
201,"UA",667,"ORD","4-8am","Tue","May",143,-7,"No"
202,"UA",669,"ORD","4-8am","Tue","May",150,-9,"No"
208,"UA",689,"ORD","4-8pm","Tue","May",160,-3,"No"
209,"UA",691,"ORD","4-8pm","Tue","May",160,-9,"No"
210,"UA",693,"ORD","4-8pm","Tue","May",160,-3,"No"
214,"UA",847,"IAD","4-8pm","Tue","May",92,-7,"No"
215,"UA",403,"DEN","4-8am","Wed","May",281,-5,"No"
217,"UA",409,"DEN","4-8pm","Wed","May",279,1,"No"
219,"UA",667,"ORD","4-8am","Wed","May",143,-9,"No"
220,"UA",669,"ORD","4-8am","Wed","May",150,-9,"No"
227,"UA",687,"ORD","4-8pm","Wed","May",160,24,"No"
228,"UA",689,"ORD","4-8pm","Wed","May",160,37,"Yes"
229,"UA",691,"ORD","4-8pm","Wed","May",160,20,"No"
230,"UA",693,"ORD","4-8pm","Wed","May",160,28,"No"
234,"UA",847,"IAD","4-8pm","Wed","May",92,9,"No"
235,"UA",403,"DEN","4-8am","Thu","May",281,-3,"No"
237,"UA",409,"DEN","4-8pm","Thu","May",279,7,"No"
239,"UA",667,"ORD","4-8am","Thu","May",143,0,"No"
240,"UA",669,"ORD","4-8am","Thu","May",150,-5,"No"
247,"UA",687,"ORD","4-8pm","Thu","May",160,0,"No"
248,"UA",689,"ORD","4-8pm","Thu","May",160,132,"Yes"
249,"UA",691,"ORD","4-8pm","Thu","May",160,83,"Yes"
250,"UA",693,"ORD","4-8pm","Thu","May",160,118,"Yes"
254,"UA",847,"IAD","4-8pm","Thu","May",92,85,"Yes"
255,"UA",403,"DEN","4-8am","Fri","May",281,2,"No"
257,"UA",409,"DEN","4-8pm","Fri","May",279,15,"No"
259,"UA",667,"ORD","4-8am","Fri","May",143,-2,"No"
260,"UA",669,"ORD","4-8am","Fri","May",150,-2,"No"
267,"UA",687,"ORD","4-8pm","Fri","May",160,0,"No"
268,"UA",689,"ORD","4-8pm","Fri","May",160,100,"Yes"
269,"UA",691,"ORD","4-8pm","Fri","May",160,80,"Yes"
270,"UA",693,"ORD","4-8pm","Fri","May",160,91,"Yes"
274,"UA",847,"IAD","4-8pm","Fri","May",92,21,"No"
275,"UA",403,"DEN","4-8am","Sat","May",280,3,"No"
278,"UA",669,"ORD","4-8am","Sat","May",160,-5,"No"
282,"UA",689,"ORD","4-8pm","Sat","May",160,-3,"No"
285,"UA",847,"IAD","4-8pm","Sat","May",68,4,"No"
286,"UA",403,"DEN","4-8am","Sun","May",281,-1,"No"
288,"UA",409,"DEN","4-8pm","Sun","May",279,-2,"No"
290,"UA",669,"ORD","4-8am","Sun","May",160,-3,"No"
297,"UA",687,"ORD","4-8pm","Sun","May",160,-9,"No"
298,"UA",689,"ORD","4-8pm","Sun","May",160,-2,"No"
299,"UA",691,"ORD","4-8pm","Sun","May",160,-10,"No"
300,"UA",693,"ORD","4-8pm","Sun","May",160,25,"No"
302,"UA",847,"IAD","4-8pm","Sun","May",92,-1,"No"
303,"UA",403,"DEN","4-8am","Mon","May",281,2,"No"
305,"UA",409,"DEN","4-8pm","Mon","May",279,-3,"No"
307,"UA",667,"ORD","4-8am","Mon","May",143,-3,"No"
308,"UA",669,"ORD","4-8am","Mon","May",150,-2,"No"
315,"UA",687,"ORD","4-8pm","Mon","May",160,-6,"No"
316,"UA",689,"ORD","4-8pm","Mon","May",163,14,"No"
317,"UA",693,"ORD","4-8pm","Mon","May",160,-7,"No"
321,"UA",847,"IAD","4-8pm","Mon","May",92,-6,"No"
322,"UA",403,"DEN","4-8am","Tue","May",281,-2,"No"
324,"UA",409,"DEN","4-8pm","Tue","May",279,2,"No"
326,"UA",667,"ORD","4-8am","Tue","May",143,1,"No"
327,"UA",669,"ORD","4-8am","Tue","May",150,138,"Yes"
333,"UA",689,"ORD","4-8pm","Tue","May",160,-7,"No"
334,"UA",691,"ORD","4-8pm","Tue","May",160,-5,"No"
335,"UA",693,"ORD","4-8pm","Tue","May",160,-2,"No"
339,"UA",847,"IAD","4-8pm","Tue","May",92,-7,"No"
340,"UA",403,"DEN","4-8am","Wed","May",281,1,"No"
342,"UA",409,"DEN","4-8pm","Wed","May",279,-4,"No"
344,"UA",667,"ORD","4-8am","Wed","May",143,-7,"No"
345,"UA",669,"ORD","4-8am","Wed","May",150,3,"No"
352,"UA",687,"ORD","4-8pm","Wed","May",160,-5,"No"
353,"UA",689,"ORD","4-8pm","Wed","May",160,-2,"No"
354,"UA",691,"ORD","4-8pm","Wed","May",160,-5,"No"
355,"UA",693,"ORD","4-8pm","Wed","May",160,-2,"No"
359,"UA",847,"IAD","4-8pm","Wed","May",92,10,"No"
360,"UA",403,"DEN","4-8am","Thu","May",281,-3,"No"
362,"UA",409,"DEN","4-8pm","Thu","May",279,-2,"No"
364,"UA",667,"ORD","4-8am","Thu","May",143,-6,"No"
365,"UA",669,"ORD","4-8am","Thu","May",150,-4,"No"
372,"UA",687,"ORD","4-8pm","Thu","May",160,-6,"No"
373,"UA",689,"ORD","4-8pm","Thu","May",160,8,"No"
374,"UA",691,"ORD","4-8pm","Thu","May",160,-8,"No"
375,"UA",693,"ORD","4-8pm","Thu","May",160,-1,"No"
379,"UA",847,"IAD","4-8pm","Thu","May",92,17,"No"
380,"UA",403,"DEN","4-8am","Fri","May",281,0,"No"
382,"UA",409,"DEN","4-8pm","Fri","May",279,-1,"No"
384,"UA",667,"ORD","4-8am","Fri","May",143,-4,"No"
385,"UA",669,"ORD","4-8am","Fri","May",150,-1,"No"
392,"UA",687,"ORD","4-8pm","Fri","May",160,-5,"No"
393,"UA",689,"ORD","4-8pm","Fri","May",160,7,"No"
394,"UA",691,"ORD","4-8pm","Fri","May",160,0,"No"
395,"UA",693,"ORD","4-8pm","Fri","May",160,-7,"No"
399,"UA",847,"IAD","4-8pm","Fri","May",92,11,"No"
400,"UA",403,"DEN","4-8am","Sat","May",280,-5,"No"
408,"UA",689,"ORD","4-8pm","Sat","May",160,-11,"No"
410,"UA",835,"ORD","4-8am","Sat","May",160,-3,"No"
411,"UA",403,"DEN","4-8am","Sun","May",284,-6,"No"
413,"UA",669,"ORD","4-8am","Sun","May",160,-4,"No"
416,"UA",689,"ORD","4-8pm","Sun","May",160,2,"No"
419,"UA",403,"DEN","4-8am","Mon","May",281,-8,"No"
421,"UA",409,"DEN","4-8pm","Mon","May",279,64,"Yes"
423,"UA",667,"ORD","4-8am","Mon","May",143,-6,"No"
424,"UA",669,"ORD","4-8am","Mon","May",150,-4,"No"
431,"UA",687,"ORD","4-8pm","Mon","May",160,-12,"No"
432,"UA",689,"ORD","4-8pm","Mon","May",160,-2,"No"
433,"UA",691,"ORD","4-8pm","Mon","May",160,-2,"No"
434,"UA",693,"ORD","4-8pm","Mon","May",160,17,"No"
437,"UA",847,"IAD","4-8pm","Mon","May",92,2,"No"
438,"UA",403,"DEN","4-8am","Tue","May",281,-5,"No"
440,"UA",409,"DEN","4-8pm","Tue","May",279,5,"No"
442,"UA",667,"ORD","4-8am","Tue","May",143,-2,"No"
443,"UA",669,"ORD","4-8am","Tue","May",150,-8,"No"
450,"UA",689,"ORD","4-8pm","Tue","May",160,29,"No"
451,"UA",691,"ORD","4-8pm","Tue","May",160,1,"No"
452,"UA",693,"ORD","4-8pm","Tue","May",160,0,"No"
456,"UA",847,"IAD","4-8pm","Tue","May",92,22,"No"
457,"UA",403,"DEN","4-8am","Wed","May",281,-6,"No"
459,"UA",409,"DEN","4-8pm","Wed","May",279,17,"No"
461,"UA",667,"ORD","4-8am","Wed","May",143,-8,"No"
462,"UA",669,"ORD","4-8am","Wed","May",150,-5,"No"
469,"UA",687,"ORD","4-8pm","Wed","May",160,0,"No"
470,"UA",689,"ORD","4-8pm","Wed","May",160,38,"Yes"
471,"UA",691,"ORD","4-8pm","Wed","May",160,0,"No"
472,"UA",693,"ORD","4-8pm","Wed","May",160,11,"No"
476,"UA",847,"IAD","4-8pm","Wed","May",92,31,"Yes"
477,"UA",403,"DEN","4-8am","Thu","May",281,-4,"No"
479,"UA",409,"DEN","4-8pm","Thu","May",279,59,"Yes"
481,"UA",667,"ORD","4-8am","Thu","May",143,-7,"No"
482,"UA",669,"ORD","4-8am","Thu","May",150,-5,"No"
489,"UA",687,"ORD","4-8pm","Thu","May",160,182,"Yes"
490,"UA",689,"ORD","4-8pm","Thu","May",160,142,"Yes"
491,"UA",691,"ORD","4-8pm","Thu","May",160,228,"Yes"
492,"UA",693,"ORD","4-8pm","Thu","May",160,0,"No"
496,"UA",847,"IAD","4-8pm","Thu","May",92,53,"Yes"
497,"UA",403,"DEN","4-8am","Fri","May",281,5,"No"
499,"UA",409,"DEN","4-8pm","Fri","May",279,26,"No"
501,"UA",667,"ORD","4-8am","Fri","May",143,59,"Yes"
502,"UA",669,"ORD","4-8am","Fri","May",150,-4,"No"
509,"UA",687,"ORD","4-8pm","Fri","May",160,99,"Yes"
510,"UA",689,"ORD","4-8pm","Fri","May",160,68,"Yes"
511,"UA",691,"ORD","4-8pm","Fri","May",160,140,"Yes"
512,"UA",693,"ORD","4-8pm","Fri","May",160,85,"Yes"
516,"UA",847,"IAD","4-8pm","Fri","May",92,38,"Yes"
517,"UA",403,"DEN","4-8am","Sat","May",280,8,"No"
520,"UA",669,"ORD","4-8am","Sat","May",160,-1,"No"
524,"UA",689,"ORD","4-8pm","Sat","May",160,-2,"No"
527,"UA",847,"IAD","4-8pm","Sat","May",68,-4,"No"
528,"UA",403,"DEN","4-8am","Sun","May",281,-1,"No"
530,"UA",409,"DEN","4-8pm","Sun","May",279,19,"No"
532,"UA",669,"ORD","4-8am","Sun","May",160,20,"No"
539,"UA",687,"ORD","4-8pm","Sun","May",160,-5,"No"
540,"UA",689,"ORD","4-8pm","Sun","May",160,-5,"No"
541,"UA",691,"ORD","4-8pm","Sun","May",160,-8,"No"
542,"UA",693,"ORD","4-8pm","Sun","May",160,-6,"No"
544,"UA",847,"IAD","4-8pm","Sun","May",92,-9,"No"
545,"AA",301,"ORD","4-8am","Fri","May",140,-3,"No"
546,"AA",303,"ORD","4-8am","Fri","May",145,-5,"No"
547,"AA",305,"ORD","4-8am","Fri","May",145,0,"No"
557,"AA",341,"ORD","4-8pm","Fri","May",160,79,"Yes"
558,"AA",345,"ORD","4-8pm","Fri","May",160,65,"Yes"
559,"AA",347,"ORD","4-8pm","Fri","May",155,111,"Yes"
560,"AA",363,"ORD","4-8pm","Fri","May",155,116,"Yes"
562,"AA",413,"MIA","4-8am","Fri","May",185,-5,"No"
565,"AA",701,"DFW","4-8am","Fri","May",225,47,"Yes"
566,"AA",707,"DFW","4-8am","Fri","May",230,-2,"No"
567,"AA",709,"DFW","4-8am","Fri","May",235,-3,"No"
577,"AA",763,"DFW","4-8pm","Fri","May",250,55,"Yes"
578,"AA",785,"DFW","4-8pm","Fri","May",240,-1,"No"
579,"AA",787,"DFW","4-8pm","Fri","May",240,84,"Yes"
582,"AA",1551,"BNA","4-8pm","Fri","May",150,-3,"No"
583,"AA",1559,"MIA","4-8pm","Fri","May",195,73,"Yes"
584,"AA",1685,"MIA","4-8am","Fri","May",175,-2,"No"
589,"AA",2011,"MIA","4-8pm","Fri","May",185,70,"Yes"
593,"AA",2223,"STL","4-8pm","Fri","May",175,-5,"No"
594,"AA",2255,"MIA","4-8am","Fri","May",175,-3,"No"
595,"AA",301,"ORD","4-8am","Sat","May",140,-7,"No"
596,"AA",303,"ORD","4-8am","Sat","May",145,-9,"No"
597,"AA",305,"ORD","4-8am","Sat","May",145,-7,"No"
604,"AA",345,"ORD","4-8pm","Sat","May",160,-3,"No"
605,"AA",363,"ORD","4-8pm","Sat","May",155,-3,"No"
606,"AA",413,"MIA","4-8am","Sat","May",185,-2,"No"
609,"AA",707,"DFW","4-8am","Sat","May",230,10,"No"
610,"AA",709,"DFW","4-8am","Sat","May",235,-8,"No"
618,"AA",763,"DFW","4-8pm","Sat","May",250,-4,"No"
619,"AA",785,"DFW","4-8pm","Sat","May",240,0,"No"
620,"AA",787,"DFW","4-8pm","Sat","May",240,30,"No"
622,"AA",1559,"MIA","4-8pm","Sat","May",195,-4,"No"
623,"AA",1685,"MIA","4-8am","Sat","May",175,0,"No"
627,"AA",2011,"MIA","4-8pm","Sat","May",185,-10,"No"
630,"AA",2223,"STL","4-8pm","Sat","May",175,-10,"No"
631,"AA",2255,"MIA","4-8am","Sat","May",175,-3,"No"
632,"AA",301,"ORD","4-8am","Sun","May",140,-1,"No"
633,"AA",305,"ORD","4-8am","Sun","May",145,-1,"No"
643,"AA",341,"ORD","4-8pm","Sun","May",160,-5,"No"
644,"AA",345,"ORD","4-8pm","Sun","May",160,-6,"No"
645,"AA",347,"ORD","4-8pm","Sun","May",155,-5,"No"
646,"AA",363,"ORD","4-8pm","Sun","May",155,-10,"No"
648,"AA",413,"MIA","4-8am","Sun","May",185,-4,"No"
651,"AA",707,"DFW","4-8am","Sun","May",230,-9,"No"
652,"AA",709,"DFW","4-8am","Sun","May",235,-9,"No"
661,"AA",763,"DFW","4-8pm","Sun","May",250,-6,"No"
662,"AA",785,"DFW","4-8pm","Sun","May",240,0,"No"
663,"AA",787,"DFW","4-8pm","Sun","May",240,-3,"No"
665,"AA",1551,"BNA","4-8pm","Sun","May",150,35,"Yes"
666,"AA",1559,"MIA","4-8pm","Sun","May",195,-6,"No"
667,"AA",1685,"MIA","4-8am","Sun","May",175,-1,"No"
672,"AA",2011,"MIA","4-8pm","Sun","May",185,3,"No"
676,"AA",2223,"STL","4-8pm","Sun","May",175,-7,"No"
677,"AA",2255,"MIA","4-8am","Sun","May",175,-9,"No"
678,"AA",301,"ORD","4-8am","Mon","May",140,-4,"No"
679,"AA",303,"ORD","4-8am","Mon","May",145,-3,"No"
680,"AA",305,"ORD","4-8am","Mon","May",145,-3,"No"
690,"AA",341,"ORD","4-8pm","Mon","May",160,-7,"No"
691,"AA",345,"ORD","4-8pm","Mon","May",160,-5,"No"
692,"AA",347,"ORD","4-8pm","Mon","May",155,0,"No"
693,"AA",363,"ORD","4-8pm","Mon","May",155,-5,"No"
695,"AA",413,"MIA","4-8am","Mon","May",185,-3,"No"
698,"AA",701,"DFW","4-8am","Mon","May",225,-12,"No"
699,"AA",707,"DFW","4-8am","Mon","May",230,17,"No"
700,"AA",709,"DFW","4-8am","Mon","May",235,-4,"No"
710,"AA",763,"DFW","4-8pm","Mon","May",250,-8,"No"
711,"AA",785,"DFW","4-8pm","Mon","May",240,-3,"No"
712,"AA",787,"DFW","4-8pm","Mon","May",240,-3,"No"
715,"AA",1551,"BNA","4-8pm","Mon","May",150,-3,"No"
716,"AA",1559,"MIA","4-8pm","Mon","May",195,-6,"No"
717,"AA",1685,"MIA","4-8am","Mon","May",175,0,"No"
722,"AA",2011,"MIA","4-8pm","Mon","May",185,-7,"No"
726,"AA",2223,"STL","4-8pm","Mon","May",175,-6,"No"
727,"AA",2255,"MIA","4-8am","Mon","May",175,28,"No"
728,"AA",301,"ORD","4-8am","Tue","May",140,-8,"No"
729,"AA",303,"ORD","4-8am","Tue","May",145,-4,"No"
730,"AA",305,"ORD","4-8am","Tue","May",145,-7,"No"
740,"AA",341,"ORD","4-8pm","Tue","May",160,0,"No"
741,"AA",345,"ORD","4-8pm","Tue","May",160,-3,"No"
742,"AA",347,"ORD","4-8pm","Tue","May",155,33,"Yes"
743,"AA",363,"ORD","4-8pm","Tue","May",155,0,"No"
745,"AA",413,"MIA","4-8am","Tue","May",185,0,"No"
748,"AA",701,"DFW","4-8am","Tue","May",225,-6,"No"
749,"AA",707,"DFW","4-8am","Tue","May",230,-7,"No"
750,"AA",709,"DFW","4-8am","Tue","May",235,-7,"No"
760,"AA",763,"DFW","4-8pm","Tue","May",250,0,"No"
761,"AA",785,"DFW","4-8pm","Tue","May",240,22,"No"
762,"AA",787,"DFW","4-8pm","Tue","May",240,25,"No"
765,"AA",1551,"BNA","4-8pm","Tue","May",150,78,"Yes"
766,"AA",1559,"MIA","4-8pm","Tue","May",195,-4,"No"
767,"AA",1685,"MIA","4-8am","Tue","May",175,-8,"No"
772,"AA",2011,"MIA","4-8pm","Tue","May",185,8,"No"
776,"AA",2223,"STL","4-8pm","Tue","May",175,-11,"No"
777,"AA",2255,"MIA","4-8am","Tue","May",175,-8,"No"
778,"AA",301,"ORD","4-8am","Wed","May",140,0,"No"
779,"AA",303,"ORD","4-8am","Wed","May",145,-5,"No"
780,"AA",305,"ORD","4-8am","Wed","May",145,-7,"No"
790,"AA",341,"ORD","4-8pm","Wed","May",160,-6,"No"
791,"AA",345,"ORD","4-8pm","Wed","May",160,-3,"No"
792,"AA",347,"ORD","4-8pm","Wed","May",155,15,"No"
793,"AA",363,"ORD","4-8pm","Wed","May",155,0,"No"
795,"AA",413,"MIA","4-8am","Wed","May",185,-1,"No"
798,"AA",701,"DFW","4-8am","Wed","May",225,-8,"No"
799,"AA",707,"DFW","4-8am","Wed","May",230,0,"No"
800,"AA",709,"DFW","4-8am","Wed","May",235,-7,"No"
810,"AA",763,"DFW","4-8pm","Wed","May",250,5,"No"
811,"AA",785,"DFW","4-8pm","Wed","May",240,-6,"No"
812,"AA",787,"DFW","4-8pm","Wed","May",240,56,"Yes"
815,"AA",1551,"BNA","4-8pm","Wed","May",150,-3,"No"
816,"AA",1559,"MIA","4-8pm","Wed","May",195,75,"Yes"
817,"AA",1685,"MIA","4-8am","Wed","May",175,-4,"No"
822,"AA",2011,"MIA","4-8pm","Wed","May",185,64,"Yes"
826,"AA",2223,"STL","4-8pm","Wed","May",175,-4,"No"
827,"AA",2255,"MIA","4-8am","Wed","May",175,-7,"No"
828,"AA",301,"ORD","4-8am","Thu","May",140,-6,"No"
829,"AA",303,"ORD","4-8am","Thu","May",145,-7,"No"
830,"AA",305,"ORD","4-8am","Thu","May",145,-7,"No"
840,"AA",341,"ORD","4-8pm","Thu","May",160,0,"No"
841,"AA",345,"ORD","4-8pm","Thu","May",160,14,"No"
842,"AA",347,"ORD","4-8pm","Thu","May",155,129,"Yes"
843,"AA",363,"ORD","4-8pm","Thu","May",155,0,"No"
845,"AA",413,"MIA","4-8am","Thu","May",185,-8,"No"
848,"AA",701,"DFW","4-8am","Thu","May",225,-9,"No"
849,"AA",707,"DFW","4-8am","Thu","May",230,-5,"No"
850,"AA",709,"DFW","4-8am","Thu","May",235,-3,"No"
860,"AA",763,"DFW","4-8pm","Thu","May",250,25,"No"
861,"AA",785,"DFW","4-8pm","Thu","May",240,0,"No"
862,"AA",787,"DFW","4-8pm","Thu","May",240,112,"Yes"
865,"AA",1551,"BNA","4-8pm","Thu","May",150,-2,"No"
866,"AA",1559,"MIA","4-8pm","Thu","May",195,200,"Yes"
867,"AA",1685,"MIA","4-8am","Thu","May",175,-6,"No"
872,"AA",2011,"MIA","4-8pm","Thu","May",185,92,"Yes"
876,"AA",2223,"STL","4-8pm","Thu","May",175,59,"Yes"
877,"AA",2255,"MIA","4-8am","Thu","May",175,0,"No"
878,"AA",301,"ORD","4-8am","Fri","May",140,-6,"No"
879,"AA",303,"ORD","4-8am","Fri","May",145,-3,"No"
880,"AA",305,"ORD","4-8am","Fri","May",145,0,"No"
890,"AA",341,"ORD","4-8pm","Fri","May",160,-4,"No"
891,"AA",345,"ORD","4-8pm","Fri","May",160,-7,"No"
892,"AA",347,"ORD","4-8pm","Fri","May",155,-4,"No"
893,"AA",363,"ORD","4-8pm","Fri","May",155,-6,"No"
895,"AA",413,"MIA","4-8am","Fri","May",185,-7,"No"
898,"AA",701,"DFW","4-8am","Fri","May",225,-1,"No"
899,"AA",707,"DFW","4-8am","Fri","May",230,-8,"No"
900,"AA",709,"DFW","4-8am","Fri","May",235,-3,"No"
910,"AA",763,"DFW","4-8pm","Fri","May",250,9,"No"
911,"AA",785,"DFW","4-8pm","Fri","May",240,6,"No"
912,"AA",787,"DFW","4-8pm","Fri","May",240,-7,"No"
915,"AA",1551,"BNA","4-8pm","Fri","May",150,-3,"No"
916,"AA",1559,"MIA","4-8pm","Fri","May",195,-3,"No"
917,"AA",1685,"MIA","4-8am","Fri","May",175,1,"No"
922,"AA",2011,"MIA","4-8pm","Fri","May",185,-6,"No"
926,"AA",2223,"STL","4-8pm","Fri","May",175,-5,"No"
927,"AA",2255,"MIA","4-8am","Fri","May",175,-1,"No"
928,"AA",301,"ORD","4-8am","Sat","May",140,-7,"No"
929,"AA",303,"ORD","4-8am","Sat","May",145,-8,"No"
930,"AA",305,"ORD","4-8am","Sat","May",145,-5,"No"
937,"AA",345,"ORD","4-8pm","Sat","May",160,-7,"No"
938,"AA",363,"ORD","4-8pm","Sat","May",155,-7,"No"
939,"AA",413,"MIA","4-8am","Sat","May",185,-10,"No"
942,"AA",707,"DFW","4-8am","Sat","May",230,-3,"No"
943,"AA",709,"DFW","4-8am","Sat","May",235,0,"No"
951,"AA",763,"DFW","4-8pm","Sat","May",250,-1,"No"
952,"AA",785,"DFW","4-8pm","Sat","May",240,-5,"No"
953,"AA",787,"DFW","4-8pm","Sat","May",240,-13,"No"
955,"AA",1559,"MIA","4-8pm","Sat","May",195,-2,"No"
956,"AA",1685,"MIA","4-8am","Sat","May",175,2,"No"
960,"AA",2011,"MIA","4-8pm","Sat","May",185,-9,"No"
963,"AA",2223,"STL","4-8pm","Sat","May",175,-9,"No"
964,"AA",2255,"MIA","4-8am","Sat","May",175,5,"No"
965,"AA",301,"ORD","4-8am","Sun","May",140,-2,"No"
966,"AA",305,"ORD","4-8am","Sun","May",145,5,"No"
976,"AA",341,"ORD","4-8pm","Sun","May",160,-7,"No"
977,"AA",345,"ORD","4-8pm","Sun","May",160,-4,"No"
978,"AA",347,"ORD","4-8pm","Sun","May",155,-4,"No"
979,"AA",363,"ORD","4-8pm","Sun","May",155,-8,"No"
981,"AA",413,"MIA","4-8am","Sun","May",185,-4,"No"
984,"AA",707,"DFW","4-8am","Sun","May",230,2,"No"
985,"AA",709,"DFW","4-8am","Sun","May",235,0,"No"
994,"AA",763,"DFW","4-8pm","Sun","May",250,-2,"No"
995,"AA",785,"DFW","4-8pm","Sun","May",240,-9,"No"
996,"AA",787,"DFW","4-8pm","Sun","May",240,-12,"No"
998,"AA",1551,"BNA","4-8pm","Sun","May",150,-5,"No"
999,"AA",1559,"MIA","4-8pm","Sun","May",195,41,"Yes"
1000,"AA",1685,"MIA","4-8am","Sun","May",175,4,"No"
1005,"AA",2011,"MIA","4-8pm","Sun","May",185,-4,"No"
1009,"AA",2223,"STL","4-8pm","Sun","May",175,12,"No"
1010,"AA",2255,"MIA","4-8am","Sun","May",175,102,"Yes"
1011,"AA",301,"ORD","4-8am","Mon","May",140,-5,"No"
1012,"AA",303,"ORD","4-8am","Mon","May",145,-4,"No"
1013,"AA",305,"ORD","4-8am","Mon","May",145,1,"No"
1023,"AA",341,"ORD","4-8pm","Mon","May",160,-7,"No"
1024,"AA",345,"ORD","4-8pm","Mon","May",160,-7,"No"
1025,"AA",347,"ORD","4-8pm","Mon","May",155,75,"Yes"
1026,"AA",363,"ORD","4-8pm","Mon","May",155,0,"No"
1028,"AA",413,"MIA","4-8am","Mon","May",185,-3,"No"
1031,"AA",701,"DFW","4-8am","Mon","May",225,-2,"No"
1032,"AA",707,"DFW","4-8am","Mon","May",230,-2,"No"
1033,"AA",709,"DFW","4-8am","Mon","May",235,-3,"No"
1043,"AA",763,"DFW","4-8pm","Mon","May",250,-2,"No"
1044,"AA",785,"DFW","4-8pm","Mon","May",240,40,"Yes"
1045,"AA",787,"DFW","4-8pm","Mon","May",240,-3,"No"
1048,"AA",1551,"BNA","4-8pm","Mon","May",150,-15,"No"
1049,"AA",1559,"MIA","4-8pm","Mon","May",195,-1,"No"
1050,"AA",1685,"MIA","4-8am","Mon","May",175,-7,"No"
1055,"AA",2011,"MIA","4-8pm","Mon","May",185,126,"Yes"
1059,"AA",2223,"STL","4-8pm","Mon","May",175,-3,"No"
1060,"AA",2255,"MIA","4-8am","Mon","May",175,-8,"No"
1061,"AA",301,"ORD","4-8am","Tue","May",140,-5,"No"
1062,"AA",303,"ORD","4-8am","Tue","May",145,-2,"No"
1063,"AA",305,"ORD","4-8am","Tue","May",145,-6,"No"
1073,"AA",341,"ORD","4-8pm","Tue","May",160,-10,"No"
1074,"AA",345,"ORD","4-8pm","Tue","May",160,-9,"No"
1075,"AA",347,"ORD","4-8pm","Tue","May",155,-5,"No"
1076,"AA",363,"ORD","4-8pm","Tue","May",155,-9,"No"
1078,"AA",413,"MIA","4-8am","Tue","May",185,-9,"No"
1081,"AA",701,"DFW","4-8am","Tue","May",225,-10,"No"
1082,"AA",707,"DFW","4-8am","Tue","May",230,-4,"No"
1083,"AA",709,"DFW","4-8am","Tue","May",235,14,"No"
1093,"AA",763,"DFW","4-8pm","Tue","May",250,2,"No"
1094,"AA",785,"DFW","4-8pm","Tue","May",240,-4,"No"
1095,"AA",787,"DFW","4-8pm","Tue","May",240,-8,"No"
1098,"AA",1551,"BNA","4-8pm","Tue","May",150,11,"No"
1099,"AA",1559,"MIA","4-8pm","Tue","May",195,-6,"No"
1100,"AA",1685,"MIA","4-8am","Tue","May",175,0,"No"
1105,"AA",2011,"MIA","4-8pm","Tue","May",185,5,"No"
1109,"AA",2223,"STL","4-8pm","Tue","May",175,-4,"No"
1110,"AA",2255,"MIA","4-8am","Tue","May",175,-5,"No"
1111,"AA",301,"ORD","4-8am","Wed","May",140,-8,"No"
1112,"AA",303,"ORD","4-8am","Wed","May",145,-5,"No"
1113,"AA",305,"ORD","4-8am","Wed","May",145,1,"No"
1123,"AA",341,"ORD","4-8pm","Wed","May",160,96,"Yes"
1124,"AA",345,"ORD","4-8pm","Wed","May",160,0,"No"
1125,"AA",347,"ORD","4-8pm","Wed","May",155,32,"Yes"
1126,"AA",363,"ORD","4-8pm","Wed","May",155,19,"No"
1128,"AA",413,"MIA","4-8am","Wed","May",185,-7,"No"
1131,"AA",701,"DFW","4-8am","Wed","May",225,-7,"No"
1132,"AA",707,"DFW","4-8am","Wed","May",230,-4,"No"
1133,"AA",709,"DFW","4-8am","Wed","May",235,0,"No"
1143,"AA",763,"DFW","4-8pm","Wed","May",250,-2,"No"
1144,"AA",785,"DFW","4-8pm","Wed","May",240,-3,"No"
1145,"AA",787,"DFW","4-8pm","Wed","May",240,-11,"No"
1148,"AA",1551,"BNA","4-8pm","Wed","May",150,17,"No"
1149,"AA",1559,"MIA","4-8pm","Wed","May",195,153,"Yes"
1150,"AA",1685,"MIA","4-8am","Wed","May",175,0,"No"
1155,"AA",2011,"MIA","4-8pm","Wed","May",185,0,"No"
1159,"AA",2223,"STL","4-8pm","Wed","May",175,-2,"No"
1160,"AA",2255,"MIA","4-8am","Wed","May",175,-6,"No"
1161,"AA",301,"ORD","4-8am","Thu","May",140,-5,"No"
1162,"AA",303,"ORD","4-8am","Thu","May",145,0,"No"
1163,"AA",305,"ORD","4-8am","Thu","May",145,-1,"No"
1173,"AA",341,"ORD","4-8pm","Thu","May",160,-2,"No"
1174,"AA",345,"ORD","4-8pm","Thu","May",160,82,"Yes"
1175,"AA",347,"ORD","4-8pm","Thu","May",155,125,"Yes"
1176,"AA",363,"ORD","4-8pm","Thu","May",155,112,"Yes"
1178,"AA",413,"MIA","4-8am","Thu","May",185,-6,"No"
1181,"AA",701,"DFW","4-8am","Thu","May",225,-4,"No"
1182,"AA",707,"DFW","4-8am","Thu","May",230,-3,"No"
1183,"AA",709,"DFW","4-8am","Thu","May",235,-5,"No"
1193,"AA",763,"DFW","4-8pm","Thu","May",250,37,"Yes"
1194,"AA",785,"DFW","4-8pm","Thu","May",240,0,"No"
1195,"AA",787,"DFW","4-8pm","Thu","May",240,-12,"No"
1198,"AA",1551,"BNA","4-8pm","Thu","May",150,46,"Yes"
1199,"AA",1559,"MIA","4-8pm","Thu","May",195,27,"No"
1200,"AA",1685,"MIA","4-8am","Thu","May",175,14,"No"
1205,"AA",2011,"MIA","4-8pm","Thu","May",185,85,"Yes"
1209,"AA",2223,"STL","4-8pm","Thu","May",175,13,"No"
1210,"AA",2255,"MIA","4-8am","Thu","May",175,-2,"No"
1211,"AA",301,"ORD","4-8am","Fri","May",140,-2,"No"
1212,"AA",303,"ORD","4-8am","Fri","May",145,-1,"No"
1213,"AA",305,"ORD","4-8am","Fri","May",145,-2,"No"
1223,"AA",341,"ORD","4-8pm","Fri","May",160,78,"Yes"
1224,"AA",345,"ORD","4-8pm","Fri","May",160,0,"No"
1225,"AA",347,"ORD","4-8pm","Fri","May",155,124,"Yes"
1226,"AA",363,"ORD","4-8pm","Fri","May",155,0,"No"
1228,"AA",413,"MIA","4-8am","Fri","May",185,-5,"No"
1231,"AA",701,"DFW","4-8am","Fri","May",225,18,"No"
1232,"AA",707,"DFW","4-8am","Fri","May",230,-4,"No"
1233,"AA",709,"DFW","4-8am","Fri","May",235,-7,"No"
1243,"AA",763,"DFW","4-8pm","Fri","May",250,-1,"No"
1244,"AA",785,"DFW","4-8pm","Fri","May",240,4,"No"
1245,"AA",787,"DFW","4-8pm","Fri","May",240,26,"No"
1248,"AA",1551,"BNA","4-8pm","Fri","May",150,53,"Yes"
1249,"AA",1559,"MIA","4-8pm","Fri","May",195,92,"Yes"
1250,"AA",1685,"MIA","4-8am","Fri","May",175,-2,"No"
1255,"AA",2011,"MIA","4-8pm","Fri","May",185,42,"Yes"
1259,"AA",2223,"STL","4-8pm","Fri","May",175,-3,"No"
1260,"AA",2255,"MIA","4-8am","Fri","May",175,-3,"No"
1261,"AA",301,"ORD","4-8am","Sat","May",140,-4,"No"
1262,"AA",303,"ORD","4-8am","Sat","May",145,-5,"No"
1263,"AA",305,"ORD","4-8am","Sat","May",145,-7,"No"
1270,"AA",345,"ORD","4-8pm","Sat","May",160,-5,"No"
1271,"AA",363,"ORD","4-8pm","Sat","May",155,44,"Yes"
1272,"AA",413,"MIA","4-8am","Sat","May",185,-3,"No"
1275,"AA",707,"DFW","4-8am","Sat","May",230,-5,"No"
1276,"AA",709,"DFW","4-8am","Sat","May",235,14,"No"
1284,"AA",763,"DFW","4-8pm","Sat","May",250,-6,"No"
1285,"AA",785,"DFW","4-8pm","Sat","May",240,-5,"No"
1286,"AA",787,"DFW","4-8pm","Sat","May",240,-7,"No"
1288,"AA",1559,"MIA","4-8pm","Sat","May",195,-7,"No"
1289,"AA",1685,"MIA","4-8am","Sat","May",175,-1,"No"
1293,"AA",2011,"MIA","4-8pm","Sat","May",185,-8,"No"
1296,"AA",2223,"STL","4-8pm","Sat","May",175,6,"No"
1297,"AA",2255,"MIA","4-8am","Sat","May",175,-1,"No"
1298,"AA",301,"ORD","4-8am","Sun","May",140,-9,"No"
1299,"AA",305,"ORD","4-8am","Sun","May",145,-4,"No"
1309,"AA",341,"ORD","4-8pm","Sun","May",160,-7,"No"
1310,"AA",345,"ORD","4-8pm","Sun","May",160,-1,"No"
1311,"AA",347,"ORD","4-8pm","Sun","May",155,-3,"No"
1312,"AA",363,"ORD","4-8pm","Sun","May",155,-15,"No"
1314,"AA",413,"MIA","4-8am","Sun","May",185,-2,"No"
1317,"AA",707,"DFW","4-8am","Sun","May",230,-5,"No"
1318,"AA",709,"DFW","4-8am","Sun","May",235,-6,"No"
1327,"AA",763,"DFW","4-8pm","Sun","May",250,-6,"No"
1328,"AA",785,"DFW","4-8pm","Sun","May",240,-6,"No"
1329,"AA",787,"DFW","4-8pm","Sun","May",240,-8,"No"
1331,"AA",1551,"BNA","4-8pm","Sun","May",150,-9,"No"
1332,"AA",1559,"MIA","4-8pm","Sun","May",195,19,"No"
1333,"AA",1685,"MIA","4-8am","Sun","May",175,-5,"No"
1338,"AA",2011,"MIA","4-8pm","Sun","May",185,-5,"No"
1342,"AA",2223,"STL","4-8pm","Sun","May",175,-8,"No"
1343,"AA",2255,"MIA","4-8am","Sun","May",175,-3,"No"
1344,"AA",301,"ORD","4-8am","Mon","May",140,-3,"No"
1345,"AA",303,"ORD","4-8am","Mon","May",145,-1,"No"
1346,"AA",305,"ORD","4-8am","Mon","May",145,-1,"No"
1356,"AA",341,"ORD","4-8pm","Mon","May",160,-9,"No"
1357,"AA",345,"ORD","4-8pm","Mon","May",160,-7,"No"
1358,"AA",347,"ORD","4-8pm","Mon","May",155,0,"No"
1359,"AA",363,"ORD","4-8pm","Mon","May",155,-2,"No"
1361,"AA",413,"MIA","4-8am","Mon","May",185,-4,"No"
1364,"AA",701,"DFW","4-8am","Mon","May",225,-6,"No"
1365,"AA",707,"DFW","4-8am","Mon","May",230,2,"No"
1366,"AA",709,"DFW","4-8am","Mon","May",235,-6,"No"
1376,"AA",763,"DFW","4-8pm","Mon","May",250,-5,"No"
1377,"AA",785,"DFW","4-8pm","Mon","May",240,-4,"No"
1378,"AA",787,"DFW","4-8pm","Mon","May",240,-12,"No"
1381,"AA",1551,"BNA","4-8pm","Mon","May",150,-9,"No"
1382,"AA",1559,"MIA","4-8pm","Mon","May",195,0,"No"
1383,"AA",1685,"MIA","4-8am","Mon","May",175,0,"No"
1388,"AA",2011,"MIA","4-8pm","Mon","May",185,-11,"No"
1392,"AA",2223,"STL","4-8pm","Mon","May",175,-5,"No"
1393,"AA",2255,"MIA","4-8am","Mon","May",175,-1,"No"
1394,"AA",301,"ORD","4-8am","Tue","May",140,-7,"No"
1395,"AA",303,"ORD","4-8am","Tue","May",145,-5,"No"
1396,"AA",305,"ORD","4-8am","Tue","May",145,-5,"No"
1406,"AA",341,"ORD","4-8pm","Tue","May",160,-4,"No"
1407,"AA",345,"ORD","4-8pm","Tue","May",160,-9,"No"
1408,"AA",347,"ORD","4-8pm","Tue","May",155,-8,"No"
1409,"AA",363,"ORD","4-8pm","Tue","May",155,-7,"No"
1411,"AA",413,"MIA","4-8am","Tue","May",185,-5,"No"
1414,"AA",701,"DFW","4-8am","Tue","May",225,-5,"No"
1415,"AA",707,"DFW","4-8am","Tue","May",230,-7,"No"
1416,"AA",709,"DFW","4-8am","Tue","May",235,-4,"No"
1426,"AA",763,"DFW","4-8pm","Tue","May",250,-3,"No"
1427,"AA",785,"DFW","4-8pm","Tue","May",240,-2,"No"
1428,"AA",787,"DFW","4-8pm","Tue","May",240,-6,"No"
1431,"AA",1551,"BNA","4-8pm","Tue","May",150,-4,"No"
1432,"AA",1559,"MIA","4-8pm","Tue","May",195,-4,"No"
1433,"AA",1685,"MIA","4-8am","Tue","May",175,-6,"No"
1438,"AA",2011,"MIA","4-8pm","Tue","May",185,5,"No"
1442,"AA",2223,"STL","4-8pm","Tue","May",175,-6,"No"
1443,"AA",2255,"MIA","4-8am","Tue","May",175,-6,"No"
1444,"AA",301,"ORD","4-8am","Wed","May",140,-7,"No"
1445,"AA",303,"ORD","4-8am","Wed","May",145,-6,"No"
1446,"AA",305,"ORD","4-8am","Wed","May",145,-6,"No"
1456,"AA",341,"ORD","4-8pm","Wed","May",160,-10,"No"
1457,"AA",345,"ORD","4-8pm","Wed","May",160,-6,"No"
1458,"AA",347,"ORD","4-8pm","Wed","May",155,24,"No"
1459,"AA",363,"ORD","4-8pm","Wed","May",155,-8,"No"
1461,"AA",413,"MIA","4-8am","Wed","May",185,5,"No"
1464,"AA",701,"DFW","4-8am","Wed","May",225,-4,"No"
1465,"AA",707,"DFW","4-8am","Wed","May",230,-5,"No"
1466,"AA",709,"DFW","4-8am","Wed","May",235,-6,"No"
1476,"AA",763,"DFW","4-8pm","Wed","May",250,-5,"No"
1477,"AA",785,"DFW","4-8pm","Wed","May",240,3,"No"
1478,"AA",787,"DFW","4-8pm","Wed","May",240,-8,"No"
1481,"AA",1551,"BNA","4-8pm","Wed","May",150,4,"No"
1482,"AA",1559,"MIA","4-8pm","Wed","May",195,-3,"No"
1483,"AA",1685,"MIA","4-8am","Wed","May",175,0,"No"
1488,"AA",2011,"MIA","4-8pm","Wed","May",185,-9,"No"
1492,"AA",2223,"STL","4-8pm","Wed","May",175,-8,"No"
1493,"AA",2255,"MIA","4-8am","Wed","May",175,-4,"No"
1494,"AA",301,"ORD","4-8am","Thu","May",140,-4,"No"
1495,"AA",303,"ORD","4-8am","Thu","May",145,-5,"No"
1496,"AA",305,"ORD","4-8am","Thu","May",145,-2,"No"
1506,"AA",341,"ORD","4-8pm","Thu","May",160,-8,"No"
1507,"AA",345,"ORD","4-8pm","Thu","May",160,-12,"No"
1508,"AA",347,"ORD","4-8pm","Thu","May",155,-5,"No"
1509,"AA",363,"ORD","4-8pm","Thu","May",155,-7,"No"
1511,"AA",413,"MIA","4-8am","Thu","May",185,-2,"No"
1514,"AA",701,"DFW","4-8am","Thu","May",225,-4,"No"
1515,"AA",707,"DFW","4-8am","Thu","May",230,-5,"No"
1516,"AA",709,"DFW","4-8am","Thu","May",235,-1,"No"
1526,"AA",763,"DFW","4-8pm","Thu","May",250,-7,"No"
1527,"AA",785,"DFW","4-8pm","Thu","May",240,3,"No"
1528,"AA",787,"DFW","4-8pm","Thu","May",240,-5,"No"
1531,"AA",1551,"BNA","4-8pm","Thu","May",150,-10,"No"
1532,"AA",1559,"MIA","4-8pm","Thu","May",195,-1,"No"
1533,"AA",1685,"MIA","4-8am","Thu","May",175,-7,"No"
1538,"AA",2011,"MIA","4-8pm","Thu","May",185,1,"No"
1542,"AA",2223,"STL","4-8pm","Thu","May",175,35,"Yes"
1543,"AA",2255,"MIA","4-8am","Thu","May",175,-4,"No"
1544,"AA",301,"ORD","4-8am","Fri","May",140,-5,"No"
1545,"AA",303,"ORD","4-8am","Fri","May",145,-3,"No"
1546,"AA",305,"ORD","4-8am","Fri","May",145,1,"No"
1556,"AA",341,"ORD","4-8pm","Fri","May",160,-3,"No"
1557,"AA",345,"ORD","4-8pm","Fri","May",160,-6,"No"
1558,"AA",347,"ORD","4-8pm","Fri","May",155,22,"No"
1559,"AA",363,"ORD","4-8pm","Fri","May",155,-12,"No"
1561,"AA",413,"MIA","4-8am","Fri","May",185,-5,"No"
1564,"AA",701,"DFW","4-8am","Fri","May",225,-4,"No"
1565,"AA",707,"DFW","4-8am","Fri","May",230,-2,"No"
1566,"AA",709,"DFW","4-8am","Fri","May",235,-3,"No"
1576,"AA",763,"DFW","4-8pm","Fri","May",250,-6,"No"
1577,"AA",785,"DFW","4-8pm","Fri","May",240,-4,"No"
1578,"AA",787,"DFW","4-8pm","Fri","May",240,-4,"No"
1581,"AA",1551,"BNA","4-8pm","Fri","May",150,-2,"No"
1582,"AA",1559,"MIA","4-8pm","Fri","May",195,129,"Yes"
1583,"AA",1685,"MIA","4-8am","Fri","May",175,-5,"No"
1588,"AA",2011,"MIA","4-8pm","Fri","May",185,47,"Yes"
1592,"AA",2223,"STL","4-8pm","Fri","May",175,-8,"No"
1593,"AA",2255,"MIA","4-8am","Fri","May",175,1,"No"
1594,"AA",301,"ORD","4-8am","Sat","May",140,5,"No"
1595,"AA",303,"ORD","4-8am","Sat","May",145,-8,"No"
1596,"AA",305,"ORD","4-8am","Sat","May",145,-4,"No"
1603,"AA",345,"ORD","4-8pm","Sat","May",160,-9,"No"
1604,"AA",363,"ORD","4-8pm","Sat","May",155,-11,"No"
1605,"AA",413,"MIA","4-8am","Sat","May",185,-7,"No"
1608,"AA",707,"DFW","4-8am","Sat","May",230,-3,"No"
1609,"AA",709,"DFW","4-8am","Sat","May",235,0,"No"
1617,"AA",763,"DFW","4-8pm","Sat","May",250,-3,"No"
1618,"AA",785,"DFW","4-8pm","Sat","May",240,98,"Yes"
1619,"AA",787,"DFW","4-8pm","Sat","May",240,-2,"No"
1621,"AA",1559,"MIA","4-8pm","Sat","May",195,48,"Yes"
1622,"AA",1685,"MIA","4-8am","Sat","May",175,-3,"No"
1626,"AA",2011,"MIA","4-8pm","Sat","May",185,44,"Yes"
1629,"AA",2223,"STL","4-8pm","Sat","May",175,-10,"No"
1630,"AA",2255,"MIA","4-8am","Sat","May",175,-2,"No"
1631,"AA",301,"ORD","4-8am","Sun","May",140,-9,"No"
1632,"AA",305,"ORD","4-8am","Sun","May",145,-4,"No"
1640,"AA",345,"ORD","4-8pm","Sun","May",160,-3,"No"
1641,"AA",363,"ORD","4-8pm","Sun","May",155,-3,"No"
1642,"AA",413,"MIA","4-8am","Sun","May",185,0,"No"
1645,"AA",707,"DFW","4-8am","Sun","May",230,82,"Yes"
1646,"AA",709,"DFW","4-8am","Sun","May",235,-2,"No"
1655,"AA",763,"DFW","4-8pm","Sun","May",250,3,"No"
1656,"AA",785,"DFW","4-8pm","Sun","May",240,29,"No"
1657,"AA",787,"DFW","4-8pm","Sun","May",240,-7,"No"
1659,"AA",1551,"BNA","4-8pm","Sun","May",150,60,"Yes"
1660,"AA",1559,"MIA","4-8pm","Sun","May",195,57,"Yes"
1661,"AA",1685,"MIA","4-8am","Sun","May",175,-3,"No"
1665,"AA",2011,"MIA","4-8pm","Sun","May",185,17,"No"
1669,"AA",2255,"MIA","4-8am","Sun","May",175,80,"Yes"
1670,"AA",301,"ORD","4-8am","Mon","May",140,-5,"No"
1671,"AA",303,"ORD","4-8am","Mon","May",145,-5,"No"
1672,"AA",305,"ORD","4-8am","Mon","May",145,-6,"No"
1681,"AA",341,"ORD","4-8pm","Mon","May",160,-10,"No"
1682,"AA",345,"ORD","4-8pm","Mon","May",160,-5,"No"
1683,"AA",347,"ORD","4-8pm","Mon","May",155,8,"No"
1684,"AA",363,"ORD","4-8pm","Mon","May",155,-7,"No"
1686,"AA",413,"MIA","4-8am","Mon","May",185,-8,"No"
1688,"AA",701,"DFW","4-8am","Mon","May",225,-4,"No"
1689,"AA",707,"DFW","4-8am","Mon","May",230,-3,"No"
1690,"AA",709,"DFW","4-8am","Mon","May",235,-7,"No"
1699,"AA",763,"DFW","4-8pm","Mon","May",250,-6,"No"
1700,"AA",785,"DFW","4-8pm","Mon","May",240,-2,"No"
1701,"AA",787,"DFW","4-8pm","Mon","May",240,-8,"No"
1704,"AA",1551,"BNA","4-8pm","Mon","May",150,-10,"No"
1705,"AA",1559,"MIA","4-8pm","Mon","May",195,2,"No"
1706,"AA",1685,"MIA","4-8am","Mon","May",175,-3,"No"
1711,"AA",2011,"MIA","4-8pm","Mon","May",185,1,"No"
1715,"AA",2223,"STL","4-8pm","Mon","May",175,-8,"No"
1716,"AA",2255,"MIA","4-8am","Mon","May",175,-3,"No"
1717,"AA",301,"ORD","4-8am","Tue","May",140,0,"No"
1718,"AA",303,"ORD","4-8am","Tue","May",145,-4,"No"
1719,"AA",305,"ORD","4-8am","Tue","May",145,0,"No"
1729,"AA",341,"ORD","4-8pm","Tue","May",160,-9,"No"
1730,"AA",345,"ORD","4-8pm","Tue","May",160,-6,"No"
1731,"AA",347,"ORD","4-8pm","Tue","May",155,-7,"No"
1732,"AA",363,"ORD","4-8pm","Tue","May",155,134,"Yes"
1734,"AA",413,"MIA","4-8am","Tue","May",185,91,"Yes"
1737,"AA",701,"DFW","4-8am","Tue","May",225,-6,"No"
1738,"AA",707,"DFW","4-8am","Tue","May",230,-3,"No"
1739,"AA",709,"DFW","4-8am","Tue","May",235,5,"No"
1749,"AA",763,"DFW","4-8pm","Tue","May",250,-1,"No"
1750,"AA",785,"DFW","4-8pm","Tue","May",240,-2,"No"
1751,"AA",787,"DFW","4-8pm","Tue","May",240,-10,"No"
1754,"AA",1551,"BNA","4-8pm","Tue","May",150,-6,"No"
1755,"AA",1559,"MIA","4-8pm","Tue","May",195,44,"Yes"
1756,"AA",1685,"MIA","4-8am","Tue","May",175,-6,"No"
1761,"AA",2011,"MIA","4-8pm","Tue","May",185,48,"Yes"
1765,"AA",2223,"STL","4-8pm","Tue","May",175,-10,"No"
1766,"AA",2255,"MIA","4-8am","Tue","May",175,2,"No"
1767,"AA",301,"ORD","4-8am","Wed","May",140,-4,"No"
1768,"AA",303,"ORD","4-8am","Wed","May",145,-6,"No"
1769,"AA",305,"ORD","4-8am","Wed","May",145,-6,"No"
1779,"AA",341,"ORD","4-8pm","Wed","May",160,29,"No"
1780,"AA",345,"ORD","4-8pm","Wed","May",160,40,"Yes"
1781,"AA",347,"ORD","4-8pm","Wed","May",155,-3,"No"
1782,"AA",363,"ORD","4-8pm","Wed","May",155,40,"Yes"
1784,"AA",413,"MIA","4-8am","Wed","May",185,-2,"No"
1787,"AA",701,"DFW","4-8am","Wed","May",225,-6,"No"
1788,"AA",707,"DFW","4-8am","Wed","May",230,-6,"No"
1789,"AA",709,"DFW","4-8am","Wed","May",235,-1,"No"
1799,"AA",763,"DFW","4-8pm","Wed","May",250,30,"No"
1800,"AA",785,"DFW","4-8pm","Wed","May",240,0,"No"
1801,"AA",787,"DFW","4-8pm","Wed","May",240,77,"Yes"
1804,"AA",1551,"BNA","4-8pm","Wed","May",150,41,"Yes"
1805,"AA",1559,"MIA","4-8pm","Wed","May",195,15,"No"
1806,"AA",1685,"MIA","4-8am","Wed","May",175,4,"No"
1811,"AA",2011,"MIA","4-8pm","Wed","May",185,-2,"No"
1815,"AA",2223,"STL","4-8pm","Wed","May",175,-3,"No"
1816,"AA",2255,"MIA","4-8am","Wed","May",175,-5,"No"
1817,"AA",301,"ORD","4-8am","Thu","May",140,-6,"No"
1818,"AA",303,"ORD","4-8am","Thu","May",145,-5,"No"
1819,"AA",305,"ORD","4-8am","Thu","May",145,-7,"No"
1829,"AA",341,"ORD","4-8pm","Thu","May",160,-5,"No"
1830,"AA",345,"ORD","4-8pm","Thu","May",160,-5,"No"
1831,"AA",347,"ORD","4-8pm","Thu","May",155,40,"Yes"
1832,"AA",363,"ORD","4-8pm","Thu","May",155,38,"Yes"
1834,"AA",413,"MIA","4-8am","Thu","May",185,-9,"No"
1837,"AA",701,"DFW","4-8am","Thu","May",225,-7,"No"
1838,"AA",707,"DFW","4-8am","Thu","May",230,-6,"No"
1839,"AA",709,"DFW","4-8am","Thu","May",235,-3,"No"
1849,"AA",763,"DFW","4-8pm","Thu","May",250,-1,"No"
1850,"AA",785,"DFW","4-8pm","Thu","May",240,0,"No"
1851,"AA",787,"DFW","4-8pm","Thu","May",240,35,"Yes"
1854,"AA",1551,"BNA","4-8pm","Thu","May",150,-7,"No"
1855,"AA",1559,"MIA","4-8pm","Thu","May",195,105,"Yes"
1856,"AA",1685,"MIA","4-8am","Thu","May",175,-4,"No"
1861,"AA",2011,"MIA","4-8pm","Thu","May",185,0,"No"
1865,"AA",2223,"STL","4-8pm","Thu","May",175,13,"No"
1866,"AA",2255,"MIA","4-8am","Thu","May",175,-6,"No"
1867,"AA",301,"ORD","4-8am","Fri","May",140,-3,"No"
1868,"AA",303,"ORD","4-8am","Fri","May",145,0,"No"
1869,"AA",305,"ORD","4-8am","Fri","May",145,-3,"No"
1879,"AA",341,"ORD","4-8pm","Fri","May",160,2,"No"
1880,"AA",345,"ORD","4-8pm","Fri","May",160,-9,"No"
1881,"AA",347,"ORD","4-8pm","Fri","May",155,-5,"No"
1882,"AA",363,"ORD","4-8pm","Fri","May",155,32,"Yes"
1884,"AA",413,"MIA","4-8am","Fri","May",185,-1,"No"
1887,"AA",701,"DFW","4-8am","Fri","May",225,-5,"No"
1888,"AA",707,"DFW","4-8am","Fri","May",230,0,"No"
1889,"AA",709,"DFW","4-8am","Fri","May",235,-2,"No"
1899,"AA",763,"DFW","4-8pm","Fri","May",250,14,"No"
1900,"AA",785,"DFW","4-8pm","Fri","May",240,-2,"No"
1901,"AA",787,"DFW","4-8pm","Fri","May",240,53,"Yes"
1904,"AA",1551,"BNA","4-8pm","Fri","May",150,4,"No"
1905,"AA",1559,"MIA","4-8pm","Fri","May",195,98,"Yes"
1906,"AA",1685,"MIA","4-8am","Fri","May",175,-1,"No"
1911,"AA",2011,"MIA","4-8pm","Fri","May",185,44,"Yes"
1915,"AA",2223,"STL","4-8pm","Fri","May",175,-8,"No"
1916,"AA",2255,"MIA","4-8am","Fri","May",175,-6,"No"
1917,"AA",301,"ORD","4-8am","Sat","May",140,-6,"No"
1918,"AA",303,"ORD","4-8am","Sat","May",145,-4,"No"
1919,"AA",305,"ORD","4-8am","Sat","May",145,-7,"No"
1926,"AA",345,"ORD","4-8pm","Sat","May",160,-5,"No"
1927,"AA",363,"ORD","4-8pm","Sat","May",155,-10,"No"
1928,"AA",413,"MIA","4-8am","Sat","May",185,0,"No"
1931,"AA",707,"DFW","4-8am","Sat","May",230,-7,"No"
1932,"AA",709,"DFW","4-8am","Sat","May",235,0,"No"
1940,"AA",763,"DFW","4-8pm","Sat","May",250,-2,"No"
1941,"AA",785,"DFW","4-8pm","Sat","May",240,-9,"No"
1942,"AA",787,"DFW","4-8pm","Sat","May",240,-14,"No"
1944,"AA",1559,"MIA","4-8pm","Sat","May",195,-4,"No"
1945,"AA",1685,"MIA","4-8am","Sat","May",175,-4,"No"
1949,"AA",2011,"MIA","4-8pm","Sat","May",185,-10,"No"
1952,"AA",2223,"STL","4-8pm","Sat","May",175,-3,"No"
1953,"AA",2255,"MIA","4-8am","Sat","May",175,-7,"No"
1954,"AA",301,"ORD","4-8am","Sun","May",140,19,"No"
1955,"AA",305,"ORD","4-8am","Sun","May",145,-6,"No"
1965,"AA",341,"ORD","4-8pm","Sun","May",160,-12,"No"
1966,"AA",345,"ORD","4-8pm","Sun","May",160,-5,"No"
1967,"AA",347,"ORD","4-8pm","Sun","May",155,-8,"No"
1968,"AA",363,"ORD","4-8pm","Sun","May",155,-11,"No"
1970,"AA",413,"MIA","4-8am","Sun","May",185,0,"No"
1973,"AA",707,"DFW","4-8am","Sun","May",230,14,"No"
1974,"AA",709,"DFW","4-8am","Sun","May",235,-8,"No"
1983,"AA",763,"DFW","4-8pm","Sun","May",250,-7,"No"
1984,"AA",785,"DFW","4-8pm","Sun","May",240,0,"No"
1985,"AA",787,"DFW","4-8pm","Sun","May",240,-5,"No"
1987,"AA",1551,"BNA","4-8pm","Sun","May",150,-6,"No"
1988,"AA",1559,"MIA","4-8pm","Sun","May",195,2,"No"
1989,"AA",1685,"MIA","4-8am","Sun","May",175,-8,"No"
1994,"AA",2011,"MIA","4-8pm","Sun","May",185,12,"No"
1998,"AA",2223,"STL","4-8pm","Sun","May",175,-12,"No"
1999,"AA",2255,"MIA","4-8am","Sun","May",175,-9,"No"
2000,"UA",403,"DEN","4-8am","Mon","June",281,-1,"No"
2002,"UA",409,"DEN","4-8pm","Mon","June",279,0,"No"
2004,"UA",667,"ORD","4-8am","Mon","June",143,-5,"No"
2005,"UA",669,"ORD","4-8am","Mon","June",150,-2,"No"
2012,"UA",687,"ORD","4-8pm","Mon","June",160,-10,"No"
2013,"UA",689,"ORD","4-8pm","Mon","June",160,-1,"No"
2014,"UA",693,"ORD","4-8pm","Mon","June",160,-6,"No"
2018,"UA",847,"IAD","4-8pm","Mon","June",92,56,"Yes"
2019,"UA",403,"DEN","4-8am","Tue","June",281,-3,"No"
2021,"UA",409,"DEN","4-8pm","Tue","June",279,1,"No"
2023,"UA",667,"ORD","4-8am","Tue","June",143,-5,"No"
2024,"UA",669,"ORD","4-8am","Tue","June",150,0,"No"
2030,"UA",689,"ORD","4-8pm","Tue","June",160,-4,"No"
2031,"UA",691,"ORD","4-8pm","Tue","June",160,94,"Yes"
2032,"UA",693,"ORD","4-8pm","Tue","June",160,0,"No"
2036,"UA",847,"IAD","4-8pm","Tue","June",92,-1,"No"
2037,"UA",403,"DEN","4-8am","Wed","June",281,-5,"No"
2039,"UA",409,"DEN","4-8pm","Wed","June",279,32,"Yes"
2041,"UA",667,"ORD","4-8am","Wed","June",143,-3,"No"
2042,"UA",669,"ORD","4-8am","Wed","June",150,-8,"No"
2049,"UA",687,"ORD","4-8pm","Wed","June",160,24,"No"
2050,"UA",689,"ORD","4-8pm","Wed","June",160,62,"Yes"
2051,"UA",691,"ORD","4-8pm","Wed","June",160,41,"Yes"
2052,"UA",693,"ORD","4-8pm","Wed","June",160,40,"Yes"
2056,"UA",847,"IAD","4-8pm","Wed","June",92,71,"Yes"
2057,"UA",361,"DEN","4-8am","Thu","June",258,0,"No"
2059,"UA",409,"DEN","4-8pm","Thu","June",295,26,"No"
2061,"UA",667,"ORD","4-8am","Thu","June",140,311,"Yes"
2062,"UA",669,"ORD","4-8am","Thu","June",151,0,"No"
2069,"UA",687,"ORD","4-8pm","Thu","June",161,53,"Yes"
2070,"UA",689,"ORD","4-8pm","Thu","June",161,1,"No"
2071,"UA",691,"ORD","4-8pm","Thu","June",161,-3,"No"
2072,"UA",693,"ORD","4-8pm","Thu","June",161,89,"Yes"
2076,"UA",847,"IAD","4-8pm","Thu","June",96,51,"Yes"
2078,"UA",361,"DEN","4-8am","Fri","June",258,-5,"No"
2080,"UA",409,"DEN","4-8pm","Fri","June",295,15,"No"
2082,"UA",667,"ORD","4-8am","Fri","June",140,-7,"No"
2083,"UA",669,"ORD","4-8am","Fri","June",151,-1,"No"
2090,"UA",687,"ORD","4-8pm","Fri","June",161,39,"Yes"
2091,"UA",689,"ORD","4-8pm","Fri","June",161,80,"Yes"
2092,"UA",691,"ORD","4-8pm","Fri","June",161,47,"Yes"
2093,"UA",693,"ORD","4-8pm","Fri","June",161,122,"Yes"
2097,"UA",847,"IAD","4-8pm","Fri","June",96,16,"No"
2098,"UA",361,"DEN","4-8am","Sat","June",258,-8,"No"
2100,"UA",409,"DEN","4-8pm","Sat","June",295,-8,"No"
2102,"UA",667,"ORD","4-8am","Sat","June",138,0,"No"
2103,"UA",669,"ORD","4-8am","Sat","June",153,-4,"No"
2107,"UA",689,"ORD","4-8pm","Sat","June",161,-10,"No"
2108,"UA",691,"ORD","4-8pm","Sat","June",161,-6,"No"
2110,"UA",746,"DEN","4-8am","Sat","June",254,-2,"No"
2113,"UA",361,"DEN","4-8am","Sun","June",258,3,"No"
2115,"UA",409,"DEN","4-8pm","Sun","June",295,0,"No"
2117,"UA",667,"ORD","4-8am","Sun","June",140,-7,"No"
2123,"UA",689,"ORD","4-8pm","Sun","June",161,7,"No"
2124,"UA",691,"ORD","4-8pm","Sun","June",161,74,"Yes"
2127,"UA",835,"ORD","4-8am","Sun","June",152,-6,"No"
2128,"UA",847,"IAD","4-8pm","Sun","June",96,153,"Yes"
2130,"UA",361,"DEN","4-8am","Mon","June",258,-5,"No"
2132,"UA",409,"DEN","4-8pm","Mon","June",295,5,"No"
2134,"UA",667,"ORD","4-8am","Mon","June",140,-4,"No"
2135,"UA",669,"ORD","4-8am","Mon","June",151,39,"Yes"
2142,"UA",687,"ORD","4-8pm","Mon","June",161,-11,"No"
2143,"UA",689,"ORD","4-8pm","Mon","June",161,-8,"No"
2144,"UA",691,"ORD","4-8pm","Mon","June",161,-4,"No"
2145,"UA",693,"ORD","4-8pm","Mon","June",161,0,"No"
2149,"UA",847,"IAD","4-8pm","Mon","June",96,23,"No"
2151,"UA",361,"DEN","4-8am","Tue","June",258,219,"Yes"
2153,"UA",409,"DEN","4-8pm","Tue","June",295,63,"Yes"
2155,"UA",667,"ORD","4-8am","Tue","June",140,182,"Yes"
2156,"UA",669,"ORD","4-8am","Tue","June",151,-7,"No"
2163,"UA",687,"ORD","4-8pm","Tue","June",161,123,"Yes"
2164,"UA",689,"ORD","4-8pm","Tue","June",161,0,"No"
2165,"UA",691,"ORD","4-8pm","Tue","June",161,139,"Yes"
2166,"UA",693,"ORD","4-8pm","Tue","June",161,111,"Yes"
2170,"UA",847,"IAD","4-8pm","Tue","June",96,133,"Yes"
2172,"UA",361,"DEN","4-8am","Wed","June",258,-4,"No"
2174,"UA",409,"DEN","4-8pm","Wed","June",295,-6,"No"
2176,"UA",667,"ORD","4-8am","Wed","June",140,-5,"No"
2177,"UA",669,"ORD","4-8am","Wed","June",151,-2,"No"
2184,"UA",687,"ORD","4-8pm","Wed","June",161,2,"No"
2185,"UA",689,"ORD","4-8pm","Wed","June",161,1,"No"
2186,"UA",691,"ORD","4-8pm","Wed","June",161,-4,"No"
2187,"UA",693,"ORD","4-8pm","Wed","June",161,-9,"No"
2191,"UA",847,"IAD","4-8pm","Wed","June",96,-4,"No"
2193,"UA",361,"DEN","4-8am","Thu","June",258,-2,"No"
2195,"UA",409,"DEN","4-8pm","Thu","June",295,20,"No"
2197,"UA",667,"ORD","4-8am","Thu","June",140,-6,"No"
2198,"UA",669,"ORD","4-8am","Thu","June",151,-5,"No"
2205,"UA",687,"ORD","4-8pm","Thu","June",161,55,"Yes"
2206,"UA",689,"ORD","4-8pm","Thu","June",161,0,"No"
2207,"UA",691,"ORD","4-8pm","Thu","June",161,57,"Yes"
2208,"UA",693,"ORD","4-8pm","Thu","June",161,55,"Yes"
2212,"UA",847,"IAD","4-8pm","Thu","June",96,-5,"No"
2214,"UA",361,"DEN","4-8am","Fri","June",258,-4,"No"
2216,"UA",409,"DEN","4-8pm","Fri","June",295,-4,"No"
2218,"UA",667,"ORD","4-8am","Fri","June",140,0,"No"
2219,"UA",669,"ORD","4-8am","Fri","June",151,2,"No"
2226,"UA",687,"ORD","4-8pm","Fri","June",161,-2,"No"
2227,"UA",689,"ORD","4-8pm","Fri","June",161,87,"Yes"
2228,"UA",691,"ORD","4-8pm","Fri","June",161,49,"Yes"
2229,"UA",693,"ORD","4-8pm","Fri","June",161,1,"No"
2233,"UA",847,"IAD","4-8pm","Fri","June",96,20,"No"
2234,"UA",361,"DEN","4-8am","Sat","June",258,-2,"No"
2236,"UA",409,"DEN","4-8pm","Sat","June",295,34,"Yes"
2238,"UA",667,"ORD","4-8am","Sat","June",138,-7,"No"
2239,"UA",669,"ORD","4-8am","Sat","June",153,-6,"No"
2243,"UA",689,"ORD","4-8pm","Sat","June",161,18,"No"
2244,"UA",691,"ORD","4-8pm","Sat","June",161,0,"No"
2246,"UA",746,"DEN","4-8am","Sat","June",254,2,"No"
2249,"UA",361,"DEN","4-8am","Sun","June",258,-2,"No"
2251,"UA",409,"DEN","4-8pm","Sun","June",295,15,"No"
2253,"UA",667,"ORD","4-8am","Sun","June",140,-5,"No"
2259,"UA",689,"ORD","4-8pm","Sun","June",161,-5,"No"
2260,"UA",691,"ORD","4-8pm","Sun","June",161,-4,"No"
2263,"UA",835,"ORD","4-8am","Sun","June",152,-7,"No"
2264,"UA",847,"IAD","4-8pm","Sun","June",96,2,"No"
2266,"UA",361,"DEN","4-8am","Mon","June",258,-2,"No"
2268,"UA",409,"DEN","4-8pm","Mon","June",295,45,"Yes"
2270,"UA",667,"ORD","4-8am","Mon","June",140,-5,"No"
2271,"UA",669,"ORD","4-8am","Mon","June",151,-3,"No"
2278,"UA",687,"ORD","4-8pm","Mon","June",161,-7,"No"
2279,"UA",689,"ORD","4-8pm","Mon","June",161,56,"Yes"
2280,"UA",691,"ORD","4-8pm","Mon","June",161,112,"Yes"
2281,"UA",693,"ORD","4-8pm","Mon","June",161,74,"Yes"
2285,"UA",847,"IAD","4-8pm","Mon","June",96,24,"No"
2287,"UA",361,"DEN","4-8am","Tue","June",258,-5,"No"
2289,"UA",409,"DEN","4-8pm","Tue","June",295,16,"No"
2291,"UA",667,"ORD","4-8am","Tue","June",140,-7,"No"
2292,"UA",669,"ORD","4-8am","Tue","June",151,-7,"No"
2299,"UA",687,"ORD","4-8pm","Tue","June",161,0,"No"
2300,"UA",689,"ORD","4-8pm","Tue","June",161,0,"No"
2301,"UA",691,"ORD","4-8pm","Tue","June",161,104,"Yes"
2302,"UA",693,"ORD","4-8pm","Tue","June",161,88,"Yes"
2306,"UA",847,"IAD","4-8pm","Tue","June",96,5,"No"
2308,"UA",361,"DEN","4-8am","Wed","June",258,3,"No"
2310,"UA",409,"DEN","4-8pm","Wed","June",295,-4,"No"
2312,"UA",667,"ORD","4-8am","Wed","June",140,-3,"No"
2313,"UA",669,"ORD","4-8am","Wed","June",151,-3,"No"
2320,"UA",687,"ORD","4-8pm","Wed","June",161,-5,"No"
2321,"UA",689,"ORD","4-8pm","Wed","June",161,-2,"No"
2322,"UA",691,"ORD","4-8pm","Wed","June",161,-7,"No"
2323,"UA",693,"ORD","4-8pm","Wed","June",161,-8,"No"
2327,"UA",847,"IAD","4-8pm","Wed","June",96,-3,"No"
2329,"UA",361,"DEN","4-8am","Thu","June",258,-3,"No"
2331,"UA",409,"DEN","4-8pm","Thu","June",295,10,"No"
2333,"UA",667,"ORD","4-8am","Thu","June",140,-8,"No"
2334,"UA",669,"ORD","4-8am","Thu","June",151,12,"No"
2341,"UA",687,"ORD","4-8pm","Thu","June",161,29,"No"
2342,"UA",689,"ORD","4-8pm","Thu","June",161,16,"No"
2343,"UA",691,"ORD","4-8pm","Thu","June",161,-3,"No"
2344,"UA",693,"ORD","4-8pm","Thu","June",161,60,"Yes"
2348,"UA",847,"IAD","4-8pm","Thu","June",96,4,"No"
2350,"UA",361,"DEN","4-8am","Fri","June",258,-3,"No"
2352,"UA",409,"DEN","4-8pm","Fri","June",295,-9,"No"
2354,"UA",667,"ORD","4-8am","Fri","June",140,-1,"No"
2355,"UA",669,"ORD","4-8am","Fri","June",151,-1,"No"
2362,"UA",687,"ORD","4-8pm","Fri","June",161,0,"No"
2363,"UA",689,"ORD","4-8pm","Fri","June",161,0,"No"
2364,"UA",691,"ORD","4-8pm","Fri","June",161,131,"Yes"
2365,"UA",693,"ORD","4-8pm","Fri","June",161,334,"Yes"
2369,"UA",847,"IAD","4-8pm","Fri","June",96,-4,"No"
2370,"UA",361,"DEN","4-8am","Sat","June",258,-5,"No"
2372,"UA",409,"DEN","4-8pm","Sat","June",295,-7,"No"
2374,"UA",667,"ORD","4-8am","Sat","June",138,-1,"No"
2375,"UA",669,"ORD","4-8am","Sat","June",153,4,"No"
2379,"UA",689,"ORD","4-8pm","Sat","June",161,-5,"No"
2380,"UA",691,"ORD","4-8pm","Sat","June",161,60,"Yes"
2382,"UA",746,"DEN","4-8am","Sat","June",254,-5,"No"
2385,"UA",361,"DEN","4-8am","Sun","June",258,-5,"No"
2387,"UA",409,"DEN","4-8pm","Sun","June",295,220,"Yes"
2389,"UA",667,"ORD","4-8am","Sun","June",140,-4,"No"
2395,"UA",689,"ORD","4-8pm","Sun","June",161,33,"Yes"
2396,"UA",691,"ORD","4-8pm","Sun","June",161,39,"Yes"
2398,"UA",711,"IAD","4-8pm","Sun","June",96,104,"Yes"
2400,"UA",835,"ORD","4-8am","Sun","June",152,-3,"No"
2402,"UA",361,"DEN","4-8am","Mon","June",258,-4,"No"
2404,"UA",409,"DEN","4-8pm","Mon","June",295,-1,"No"
2406,"UA",667,"ORD","4-8am","Mon","June",140,-9,"No"
2407,"UA",669,"ORD","4-8am","Mon","June",151,-1,"No"
2414,"UA",687,"ORD","4-8pm","Mon","June",161,-2,"No"
2415,"UA",689,"ORD","4-8pm","Mon","June",161,3,"No"
2416,"UA",691,"ORD","4-8pm","Mon","June",161,0,"No"
2417,"UA",693,"ORD","4-8pm","Mon","June",161,76,"Yes"
2419,"UA",711,"IAD","4-8pm","Mon","June",96,-1,"No"
2423,"UA",361,"DEN","4-8am","Tue","June",258,6,"No"
2425,"UA",409,"DEN","4-8pm","Tue","June",295,-3,"No"
2427,"UA",667,"ORD","4-8am","Tue","June",140,-5,"No"
2428,"UA",669,"ORD","4-8am","Tue","June",151,-4,"No"
2435,"UA",687,"ORD","4-8pm","Tue","June",161,-13,"No"
2436,"UA",689,"ORD","4-8pm","Tue","June",161,-2,"No"
2437,"UA",691,"ORD","4-8pm","Tue","June",161,-6,"No"
2438,"UA",693,"ORD","4-8pm","Tue","June",161,-4,"No"
2440,"UA",711,"IAD","4-8pm","Tue","June",96,-5,"No"
2444,"UA",361,"DEN","4-8am","Wed","June",258,-7,"No"
2446,"UA",409,"DEN","4-8pm","Wed","June",295,-2,"No"
2448,"UA",667,"ORD","4-8am","Wed","June",140,-4,"No"
2449,"UA",669,"ORD","4-8am","Wed","June",151,-12,"No"
2456,"UA",687,"ORD","4-8pm","Wed","June",161,149,"Yes"
2457,"UA",689,"ORD","4-8pm","Wed","June",161,52,"Yes"
2458,"UA",691,"ORD","4-8pm","Wed","June",161,159,"Yes"
2459,"UA",693,"ORD","4-8pm","Wed","June",161,199,"Yes"
2461,"UA",711,"IAD","4-8pm","Wed","June",96,68,"Yes"
2465,"UA",361,"DEN","4-8am","Thu","June",258,-4,"No"
2467,"UA",409,"DEN","4-8pm","Thu","June",295,-4,"No"
2469,"UA",667,"ORD","4-8am","Thu","June",140,-3,"No"
2470,"UA",669,"ORD","4-8am","Thu","June",151,0,"No"
2477,"UA",687,"ORD","4-8pm","Thu","June",161,-5,"No"
2478,"UA",689,"ORD","4-8pm","Thu","June",161,-5,"No"
2479,"UA",691,"ORD","4-8pm","Thu","June",161,143,"Yes"
2480,"UA",693,"ORD","4-8pm","Thu","June",161,20,"No"
2482,"UA",711,"IAD","4-8pm","Thu","June",96,-3,"No"
2486,"UA",361,"DEN","4-8am","Fri","June",258,-2,"No"
2488,"UA",409,"DEN","4-8pm","Fri","June",295,-3,"No"
2490,"UA",667,"ORD","4-8am","Fri","June",140,-2,"No"
2491,"UA",669,"ORD","4-8am","Fri","June",151,-3,"No"
2498,"UA",687,"ORD","4-8pm","Fri","June",161,-3,"No"
2499,"UA",689,"ORD","4-8pm","Fri","June",161,-7,"No"
2500,"UA",691,"ORD","4-8pm","Fri","June",161,199,"Yes"
2501,"UA",693,"ORD","4-8pm","Fri","June",161,182,"Yes"
2503,"UA",711,"IAD","4-8pm","Fri","June",96,47,"Yes"
2506,"UA",361,"DEN","4-8am","Sat","June",258,-1,"No"
2508,"UA",409,"DEN","4-8pm","Sat","June",295,27,"No"
2510,"UA",667,"ORD","4-8am","Sat","June",138,-2,"No"
2511,"UA",669,"ORD","4-8am","Sat","June",153,0,"No"
2515,"UA",689,"ORD","4-8pm","Sat","June",161,-2,"No"
2516,"UA",691,"ORD","4-8pm","Sat","June",161,-9,"No"
2518,"UA",746,"DEN","4-8am","Sat","June",254,14,"No"
2521,"UA",361,"DEN","4-8am","Sun","June",258,6,"No"
2523,"UA",409,"DEN","4-8pm","Sun","June",295,5,"No"
2525,"UA",667,"ORD","4-8am","Sun","June",140,-4,"No"
2531,"UA",689,"ORD","4-8pm","Sun","June",161,-3,"No"
2532,"UA",691,"ORD","4-8pm","Sun","June",161,-9,"No"
2535,"UA",835,"ORD","4-8am","Sun","June",152,-2,"No"
2536,"UA",847,"IAD","4-8pm","Sun","June",96,-5,"No"
2538,"UA",361,"DEN","4-8am","Mon","June",258,2,"No"
2540,"UA",409,"DEN","4-8pm","Mon","June",295,245,"Yes"
2542,"UA",667,"ORD","4-8am","Mon","June",140,-2,"No"
2543,"UA",669,"ORD","4-8am","Mon","June",151,-2,"No"
2550,"UA",687,"ORD","4-8pm","Mon","June",161,-4,"No"
2551,"UA",689,"ORD","4-8pm","Mon","June",161,-10,"No"
2552,"UA",691,"ORD","4-8pm","Mon","June",161,0,"No"
2553,"UA",693,"ORD","4-8pm","Mon","June",161,-2,"No"
2557,"UA",847,"IAD","4-8pm","Mon","June",96,-4,"No"
2559,"UA",361,"DEN","4-8am","Tue","June",258,0,"No"
2561,"UA",409,"DEN","4-8pm","Tue","June",295,217,"Yes"
2563,"UA",667,"ORD","4-8am","Tue","June",140,-5,"No"
2564,"UA",669,"ORD","4-8am","Tue","June",151,-4,"No"
2571,"UA",687,"ORD","4-8pm","Tue","June",161,0,"No"
2572,"UA",689,"ORD","4-8pm","Tue","June",161,198,"Yes"
2573,"UA",691,"ORD","4-8pm","Tue","June",161,0,"No"
2574,"UA",693,"ORD","4-8pm","Tue","June",161,76,"Yes"
2578,"UA",847,"IAD","4-8pm","Tue","June",96,7,"No"
2579,"AA",301,"ORD","4-8am","Mon","June",140,-3,"No"
2580,"AA",303,"ORD","4-8am","Mon","June",145,-2,"No"
2581,"AA",305,"ORD","4-8am","Mon","June",145,-8,"No"
2591,"AA",341,"ORD","4-8pm","Mon","June",160,-7,"No"
2592,"AA",345,"ORD","4-8pm","Mon","June",160,-7,"No"
2593,"AA",347,"ORD","4-8pm","Mon","June",155,-10,"No"
2594,"AA",363,"ORD","4-8pm","Mon","June",155,31,"Yes"
2596,"AA",413,"MIA","4-8am","Mon","June",185,-1,"No"
2599,"AA",701,"DFW","4-8am","Mon","June",225,0,"No"
2600,"AA",707,"DFW","4-8am","Mon","June",230,-4,"No"
2601,"AA",709,"DFW","4-8am","Mon","June",235,-1,"No"
2611,"AA",763,"DFW","4-8pm","Mon","June",250,-13,"No"
2612,"AA",785,"DFW","4-8pm","Mon","June",240,-3,"No"
2613,"AA",787,"DFW","4-8pm","Mon","June",240,-8,"No"
2616,"AA",1551,"BNA","4-8pm","Mon","June",150,-6,"No"
2617,"AA",1559,"MIA","4-8pm","Mon","June",195,-8,"No"
2618,"AA",1685,"MIA","4-8am","Mon","June",175,33,"Yes"
2623,"AA",2011,"MIA","4-8pm","Mon","June",185,3,"No"
2627,"AA",2223,"STL","4-8pm","Mon","June",175,-5,"No"
2628,"AA",2255,"MIA","4-8am","Mon","June",175,143,"Yes"
2629,"AA",301,"ORD","4-8am","Tue","June",140,-2,"No"
2630,"AA",303,"ORD","4-8am","Tue","June",145,-4,"No"
2631,"AA",305,"ORD","4-8am","Tue","June",145,0,"No"
2641,"AA",341,"ORD","4-8pm","Tue","June",160,-2,"No"
2642,"AA",345,"ORD","4-8pm","Tue","June",160,-3,"No"
2643,"AA",347,"ORD","4-8pm","Tue","June",155,0,"No"
2644,"AA",363,"ORD","4-8pm","Tue","June",155,-5,"No"
2646,"AA",413,"MIA","4-8am","Tue","June",185,-2,"No"
2649,"AA",701,"DFW","4-8am","Tue","June",225,-5,"No"
2650,"AA",707,"DFW","4-8am","Tue","June",230,-1,"No"
2651,"AA",709,"DFW","4-8am","Tue","June",235,1,"No"
2661,"AA",763,"DFW","4-8pm","Tue","June",250,12,"No"
2662,"AA",785,"DFW","4-8pm","Tue","June",240,-11,"No"
2663,"AA",787,"DFW","4-8pm","Tue","June",240,34,"Yes"
2666,"AA",1551,"BNA","4-8pm","Tue","June",150,-9,"No"
2667,"AA",1559,"MIA","4-8pm","Tue","June",195,-3,"No"
2668,"AA",1685,"MIA","4-8am","Tue","June",175,-1,"No"
2673,"AA",2011,"MIA","4-8pm","Tue","June",185,-11,"No"
2677,"AA",2223,"STL","4-8pm","Tue","June",175,11,"No"
2678,"AA",2255,"MIA","4-8am","Tue","June",175,7,"No"
2679,"AA",301,"ORD","4-8am","Wed","June",140,-6,"No"
2680,"AA",303,"ORD","4-8am","Wed","June",145,0,"No"
2681,"AA",305,"ORD","4-8am","Wed","June",145,-8,"No"
2691,"AA",341,"ORD","4-8pm","Wed","June",160,-10,"No"
2692,"AA",345,"ORD","4-8pm","Wed","June",160,-7,"No"
2693,"AA",347,"ORD","4-8pm","Wed","June",155,30,"No"
2694,"AA",363,"ORD","4-8pm","Wed","June",155,-1,"No"
2696,"AA",413,"MIA","4-8am","Wed","June",185,-5,"No"
2699,"AA",701,"DFW","4-8am","Wed","June",225,-1,"No"
2700,"AA",707,"DFW","4-8am","Wed","June",230,-7,"No"
2701,"AA",709,"DFW","4-8am","Wed","June",235,-5,"No"
2711,"AA",763,"DFW","4-8pm","Wed","June",250,-6,"No"
2712,"AA",785,"DFW","4-8pm","Wed","June",240,58,"Yes"
2713,"AA",787,"DFW","4-8pm","Wed","June",240,23,"No"
2716,"AA",1551,"BNA","4-8pm","Wed","June",150,-2,"No"
2717,"AA",1559,"MIA","4-8pm","Wed","June",195,13,"No"
2718,"AA",1685,"MIA","4-8am","Wed","June",175,0,"No"
2723,"AA",2011,"MIA","4-8pm","Wed","June",185,30,"No"
2727,"AA",2223,"STL","4-8pm","Wed","June",175,10,"No"
2728,"AA",2255,"MIA","4-8am","Wed","June",175,-3,"No"
2729,"AA",301,"ORD","4-8am","Thu","June",140,-6,"No"
2730,"AA",303,"ORD","4-8am","Thu","June",145,-4,"No"
2731,"AA",305,"ORD","4-8am","Thu","June",145,-4,"No"
2741,"AA",341,"ORD","4-8pm","Thu","June",160,36,"Yes"
2742,"AA",345,"ORD","4-8pm","Thu","June",160,-1,"No"
2743,"AA",347,"ORD","4-8pm","Thu","June",155,24,"No"
2744,"AA",363,"ORD","4-8pm","Thu","June",155,-5,"No"
2746,"AA",413,"MIA","4-8am","Thu","June",185,-1,"No"
2749,"AA",701,"DFW","4-8am","Thu","June",225,-4,"No"
2750,"AA",707,"DFW","4-8am","Thu","June",230,0,"No"
2751,"AA",709,"DFW","4-8am","Thu","June",235,-2,"No"
2761,"AA",763,"DFW","4-8pm","Thu","June",250,0,"No"
2762,"AA",785,"DFW","4-8pm","Thu","June",240,13,"No"
2763,"AA",787,"DFW","4-8pm","Thu","June",240,-12,"No"
2766,"AA",1551,"BNA","4-8pm","Thu","June",150,12,"No"
2767,"AA",1559,"MIA","4-8pm","Thu","June",195,31,"Yes"
2768,"AA",1685,"MIA","4-8am","Thu","June",175,-3,"No"
2773,"AA",2011,"MIA","4-8pm","Thu","June",185,7,"No"
2777,"AA",2223,"STL","4-8pm","Thu","June",175,-11,"No"
2778,"AA",2255,"MIA","4-8am","Thu","June",175,-8,"No"
2779,"AA",301,"ORD","4-8am","Fri","June",140,-2,"No"
2780,"AA",303,"ORD","4-8am","Fri","June",145,0,"No"
2781,"AA",305,"ORD","4-8am","Fri","June",145,-6,"No"
2791,"AA",341,"ORD","4-8pm","Fri","June",160,37,"Yes"
2792,"AA",345,"ORD","4-8pm","Fri","June",160,248,"Yes"
2793,"AA",347,"ORD","4-8pm","Fri","June",155,132,"Yes"
2794,"AA",363,"ORD","4-8pm","Fri","June",155,83,"Yes"
2796,"AA",413,"MIA","4-8am","Fri","June",185,4,"No"
2799,"AA",701,"DFW","4-8am","Fri","June",225,-10,"No"
2800,"AA",707,"DFW","4-8am","Fri","June",230,1,"No"
2801,"AA",709,"DFW","4-8am","Fri","June",235,1,"No"
2811,"AA",763,"DFW","4-8pm","Fri","June",250,247,"Yes"
2812,"AA",785,"DFW","4-8pm","Fri","June",240,38,"Yes"
2813,"AA",787,"DFW","4-8pm","Fri","June",240,0,"No"
2816,"AA",1551,"BNA","4-8pm","Fri","June",150,39,"Yes"
2817,"AA",1559,"MIA","4-8pm","Fri","June",195,72,"Yes"
2818,"AA",1685,"MIA","4-8am","Fri","June",175,0,"No"
2823,"AA",2011,"MIA","4-8pm","Fri","June",185,117,"Yes"
2827,"AA",2223,"STL","4-8pm","Fri","June",175,8,"No"
2828,"AA",2255,"MIA","4-8am","Fri","June",175,-3,"No"
2829,"AA",301,"ORD","4-8am","Sat","June",140,0,"No"
2830,"AA",303,"ORD","4-8am","Sat","June",145,0,"No"
2831,"AA",305,"ORD","4-8am","Sat","June",145,-8,"No"
2838,"AA",345,"ORD","4-8pm","Sat","June",160,-5,"No"
2839,"AA",363,"ORD","4-8pm","Sat","June",155,-16,"No"
2840,"AA",413,"MIA","4-8am","Sat","June",185,101,"Yes"
2843,"AA",707,"DFW","4-8am","Sat","June",230,-3,"No"
2844,"AA",709,"DFW","4-8am","Sat","June",235,36,"Yes"
2852,"AA",763,"DFW","4-8pm","Sat","June",250,-6,"No"
2853,"AA",785,"DFW","4-8pm","Sat","June",240,-4,"No"
2854,"AA",787,"DFW","4-8pm","Sat","June",240,-11,"No"
2856,"AA",1559,"MIA","4-8pm","Sat","June",195,78,"Yes"
2857,"AA",1685,"MIA","4-8am","Sat","June",175,0,"No"
2861,"AA",2011,"MIA","4-8pm","Sat","June",185,0,"No"
2864,"AA",2223,"STL","4-8pm","Sat","June",175,-6,"No"
2865,"AA",2255,"MIA","4-8am","Sat","June",175,-4,"No"
2866,"AA",301,"ORD","4-8am","Sun","June",140,-6,"No"
2867,"AA",305,"ORD","4-8am","Sun","June",145,-6,"No"
2877,"AA",341,"ORD","4-8pm","Sun","June",160,149,"Yes"
2878,"AA",345,"ORD","4-8pm","Sun","June",160,-8,"No"
2879,"AA",347,"ORD","4-8pm","Sun","June",155,2,"No"
2880,"AA",363,"ORD","4-8pm","Sun","June",155,-4,"No"
2882,"AA",413,"MIA","4-8am","Sun","June",185,36,"Yes"
2885,"AA",707,"DFW","4-8am","Sun","June",230,-5,"No"
2886,"AA",709,"DFW","4-8am","Sun","June",235,-8,"No"
2895,"AA",763,"DFW","4-8pm","Sun","June",250,-2,"No"
2896,"AA",785,"DFW","4-8pm","Sun","June",240,0,"No"
2897,"AA",787,"DFW","4-8pm","Sun","June",240,-6,"No"
2899,"AA",1551,"BNA","4-8pm","Sun","June",150,35,"Yes"
2900,"AA",1559,"MIA","4-8pm","Sun","June",195,0,"No"
2901,"AA",1685,"MIA","4-8am","Sun","June",175,-4,"No"
2906,"AA",2011,"MIA","4-8pm","Sun","June",185,51,"Yes"
2910,"AA",2223,"STL","4-8pm","Sun","June",175,-6,"No"
2911,"AA",2255,"MIA","4-8am","Sun","June",175,-7,"No"
2912,"AA",301,"ORD","4-8am","Mon","June",140,-4,"No"
2913,"AA",303,"ORD","4-8am","Mon","June",145,15,"No"
2914,"AA",305,"ORD","4-8am","Mon","June",145,2,"No"
2924,"AA",341,"ORD","4-8pm","Mon","June",160,15,"No"
2925,"AA",345,"ORD","4-8pm","Mon","June",160,-8,"No"
2926,"AA",347,"ORD","4-8pm","Mon","June",155,39,"Yes"
2927,"AA",363,"ORD","4-8pm","Mon","June",155,-6,"No"
2929,"AA",413,"MIA","4-8am","Mon","June",185,-6,"No"
2932,"AA",701,"DFW","4-8am","Mon","June",225,-9,"No"
2933,"AA",707,"DFW","4-8am","Mon","June",230,-5,"No"
2934,"AA",709,"DFW","4-8am","Mon","June",235,-4,"No"
2944,"AA",763,"DFW","4-8pm","Mon","June",250,-5,"No"
2945,"AA",785,"DFW","4-8pm","Mon","June",240,-6,"No"
2946,"AA",787,"DFW","4-8pm","Mon","June",240,-6,"No"
2949,"AA",1551,"BNA","4-8pm","Mon","June",150,-5,"No"
2950,"AA",1559,"MIA","4-8pm","Mon","June",195,43,"Yes"
2951,"AA",1685,"MIA","4-8am","Mon","June",175,-6,"No"
2956,"AA",2011,"MIA","4-8pm","Mon","June",185,2,"No"
2960,"AA",2223,"STL","4-8pm","Mon","June",175,-8,"No"
2961,"AA",2255,"MIA","4-8am","Mon","June",175,-4,"No"
2962,"AA",301,"ORD","4-8am","Tue","June",140,-5,"No"
2963,"AA",303,"ORD","4-8am","Tue","June",145,-1,"No"
2964,"AA",305,"ORD","4-8am","Tue","June",145,104,"Yes"
2974,"AA",341,"ORD","4-8pm","Tue","June",160,38,"Yes"
2975,"AA",345,"ORD","4-8pm","Tue","June",160,2,"No"
2976,"AA",347,"ORD","4-8pm","Tue","June",155,168,"Yes"
2977,"AA",363,"ORD","4-8pm","Tue","June",155,0,"No"
2979,"AA",413,"MIA","4-8am","Tue","June",185,-7,"No"
2982,"AA",701,"DFW","4-8am","Tue","June",225,-5,"No"
2983,"AA",707,"DFW","4-8am","Tue","June",230,-7,"No"
2984,"AA",709,"DFW","4-8am","Tue","June",235,0,"No"
2994,"AA",763,"DFW","4-8pm","Tue","June",250,-8,"No"
2995,"AA",785,"DFW","4-8pm","Tue","June",240,1,"No"
2996,"AA",787,"DFW","4-8pm","Tue","June",240,0,"No"
2999,"AA",1551,"BNA","4-8pm","Tue","June",150,-7,"No"
3000,"AA",1559,"MIA","4-8pm","Tue","June",195,250,"Yes"
3001,"AA",1685,"MIA","4-8am","Tue","June",175,-1,"No"
3006,"AA",2011,"MIA","4-8pm","Tue","June",185,257,"Yes"
3010,"AA",2223,"STL","4-8pm","Tue","June",175,-8,"No"
3011,"AA",2255,"MIA","4-8am","Tue","June",175,-2,"No"
3012,"AA",301,"ORD","4-8am","Wed","June",140,-5,"No"
3013,"AA",303,"ORD","4-8am","Wed","June",145,101,"Yes"
3014,"AA",305,"ORD","4-8am","Wed","June",145,-3,"No"
3024,"AA",341,"ORD","4-8pm","Wed","June",160,-8,"No"
3025,"AA",345,"ORD","4-8pm","Wed","June",160,-3,"No"
3026,"AA",347,"ORD","4-8pm","Wed","June",155,80,"Yes"
3028,"AA",413,"MIA","4-8am","Wed","June",185,-5,"No"
3031,"AA",701,"DFW","4-8am","Wed","June",225,-7,"No"
3032,"AA",707,"DFW","4-8am","Wed","June",230,-7,"No"
3033,"AA",709,"DFW","4-8am","Wed","June",235,-1,"No"
3043,"AA",763,"DFW","4-8pm","Wed","June",250,8,"No"
3044,"AA",785,"DFW","4-8pm","Wed","June",240,14,"No"
3045,"AA",787,"DFW","4-8pm","Wed","June",240,4,"No"
3048,"AA",1551,"BNA","4-8pm","Wed","June",150,-5,"No"
3049,"AA",1559,"MIA","4-8pm","Wed","June",195,2,"No"
3050,"AA",1685,"MIA","4-8am","Wed","June",175,0,"No"
3055,"AA",2011,"MIA","4-8pm","Wed","June",185,-2,"No"
3059,"AA",2223,"STL","4-8pm","Wed","June",175,-3,"No"
3060,"AA",2255,"MIA","4-8am","Wed","June",175,-9,"No"
3061,"AA",301,"ORD","4-8am","Thu","June",140,-3,"No"
3062,"AA",303,"ORD","4-8am","Thu","June",145,-5,"No"
3063,"AA",305,"ORD","4-8am","Thu","June",140,-5,"No"
3064,"AA",309,"ORD","4-8am","Thu","June",140,-6,"No"
3073,"AA",341,"ORD","4-8pm","Thu","June",160,11,"No"
3074,"AA",345,"ORD","4-8pm","Thu","June",155,8,"No"
3075,"AA",347,"ORD","4-8pm","Thu","June",168,69,"Yes"
3076,"AA",353,"ORD","4-8pm","Thu","June",155,57,"Yes"
3077,"AA",363,"ORD","4-8pm","Thu","June",155,79,"Yes"
3079,"AA",413,"MIA","4-8am","Thu","June",183,-6,"No"
3082,"AA",701,"DFW","4-8am","Thu","June",213,-9,"No"
3083,"AA",707,"DFW","4-8am","Thu","June",214,32,"Yes"
3094,"AA",763,"DFW","4-8pm","Thu","June",233,0,"No"
3095,"AA",785,"DFW","4-8pm","Thu","June",235,0,"No"
3096,"AA",787,"DFW","4-8pm","Thu","June",228,0,"No"
3100,"AA",1551,"BNA","4-8pm","Thu","June",150,112,"Yes"
3101,"AA",1559,"MIA","4-8pm","Thu","June",199,22,"No"
3102,"AA",1685,"MIA","4-8am","Thu","June",178,-3,"No"
3107,"AA",2011,"MIA","4-8pm","Thu","June",195,20,"No"
3110,"AA",2223,"STL","4-8pm","Thu","June",168,131,"Yes"
3111,"AA",2255,"MIA","4-8am","Thu","June",170,-4,"No"
3112,"AA",301,"ORD","4-8am","Fri","June",140,-1,"No"
3113,"AA",303,"ORD","4-8am","Fri","June",145,-5,"No"
3114,"AA",305,"ORD","4-8am","Fri","June",140,-2,"No"
3115,"AA",309,"ORD","4-8am","Fri","June",140,1,"No"
3124,"AA",341,"ORD","4-8pm","Fri","June",160,14,"No"
3125,"AA",345,"ORD","4-8pm","Fri","June",155,11,"No"
3126,"AA",347,"ORD","4-8pm","Fri","June",168,98,"Yes"
3127,"AA",353,"ORD","4-8pm","Fri","June",155,0,"No"
3128,"AA",363,"ORD","4-8pm","Fri","June",155,25,"No"
3130,"AA",413,"MIA","4-8am","Fri","June",183,-6,"No"
3133,"AA",701,"DFW","4-8am","Fri","June",213,-1,"No"
3134,"AA",707,"DFW","4-8am","Fri","June",214,-5,"No"
3145,"AA",763,"DFW","4-8pm","Fri","June",233,0,"No"
3146,"AA",785,"DFW","4-8pm","Fri","June",235,15,"No"
3147,"AA",787,"DFW","4-8pm","Fri","June",228,20,"No"
3151,"AA",1551,"BNA","4-8pm","Fri","June",150,73,"Yes"
3152,"AA",1559,"MIA","4-8pm","Fri","June",199,0,"No"
3153,"AA",1685,"MIA","4-8am","Fri","June",178,3,"No"
3158,"AA",2011,"MIA","4-8pm","Fri","June",195,13,"No"
3161,"AA",2223,"STL","4-8pm","Fri","June",168,-7,"No"
3162,"AA",2255,"MIA","4-8am","Fri","June",170,-8,"No"
3163,"AA",301,"ORD","4-8am","Sat","June",140,-5,"No"
3164,"AA",305,"ORD","4-8am","Sat","June",140,-4,"No"
3165,"AA",309,"ORD","4-8am","Sat","June",140,61,"Yes"
3172,"AA",341,"ORD","4-8pm","Sat","June",160,35,"Yes"
3173,"AA",347,"ORD","4-8pm","Sat","June",168,-9,"No"
3175,"AA",413,"MIA","4-8am","Sat","June",183,32,"Yes"
3178,"AA",701,"DFW","4-8am","Sat","June",213,-3,"No"
3188,"AA",763,"DFW","4-8pm","Sat","June",233,28,"No"
3189,"AA",785,"DFW","4-8pm","Sat","June",235,-6,"No"
3190,"AA",787,"DFW","4-8pm","Sat","June",228,-7,"No"
3192,"AA",1559,"MIA","4-8pm","Sat","June",199,25,"No"
3193,"AA",1685,"MIA","4-8am","Sat","June",178,-1,"No"
3197,"AA",2011,"MIA","4-8pm","Sat","June",195,69,"Yes"
3200,"AA",2223,"STL","4-8pm","Sat","June",168,-4,"No"
3201,"AA",2255,"MIA","4-8am","Sat","June",170,0,"No"
3202,"AA",301,"ORD","4-8am","Sun","June",140,-1,"No"
3203,"AA",303,"ORD","4-8am","Sun","June",145,-6,"No"
3204,"AA",309,"ORD","4-8am","Sun","June",140,-7,"No"
3211,"AA",341,"ORD","4-8pm","Sun","June",160,-8,"No"
3212,"AA",345,"ORD","4-8pm","Sun","June",155,-2,"No"
3213,"AA",347,"ORD","4-8pm","Sun","June",168,-1,"No"
3214,"AA",353,"ORD","4-8pm","Sun","June",155,-5,"No"
3215,"AA",363,"ORD","4-8pm","Sun","June",155,-7,"No"
3217,"AA",413,"MIA","4-8am","Sun","June",183,-1,"No"
3220,"AA",701,"DFW","4-8am","Sun","June",213,0,"No"
3221,"AA",707,"DFW","4-8am","Sun","June",214,-6,"No"
3231,"AA",763,"DFW","4-8pm","Sun","June",233,-5,"No"
3232,"AA",785,"DFW","4-8pm","Sun","June",235,-3,"No"
3233,"AA",787,"DFW","4-8pm","Sun","June",228,-5,"No"
3236,"AA",1551,"BNA","4-8pm","Sun","June",150,-9,"No"
3237,"AA",1559,"MIA","4-8pm","Sun","June",199,-2,"No"
3238,"AA",1685,"MIA","4-8am","Sun","June",178,-4,"No"
3243,"AA",2011,"MIA","4-8pm","Sun","June",195,-3,"No"
3246,"AA",2223,"STL","4-8pm","Sun","June",168,-1,"No"
3247,"AA",2255,"MIA","4-8am","Sun","June",170,-5,"No"
3248,"AA",301,"ORD","4-8am","Mon","June",140,-6,"No"
3249,"AA",303,"ORD","4-8am","Mon","June",145,-6,"No"
3250,"AA",305,"ORD","4-8am","Mon","June",140,0,"No"
3251,"AA",309,"ORD","4-8am","Mon","June",140,-4,"No"
3260,"AA",341,"ORD","4-8pm","Mon","June",160,-5,"No"
3261,"AA",345,"ORD","4-8pm","Mon","June",155,-6,"No"
3262,"AA",347,"ORD","4-8pm","Mon","June",168,22,"No"
3263,"AA",353,"ORD","4-8pm","Mon","June",155,0,"No"
3264,"AA",363,"ORD","4-8pm","Mon","June",155,108,"Yes"
3266,"AA",413,"MIA","4-8am","Mon","June",183,-3,"No"
3269,"AA",701,"DFW","4-8am","Mon","June",213,-5,"No"
3270,"AA",707,"DFW","4-8am","Mon","June",214,0,"No"
3281,"AA",763,"DFW","4-8pm","Mon","June",233,64,"Yes"
3282,"AA",785,"DFW","4-8pm","Mon","June",235,209,"Yes"
3283,"AA",787,"DFW","4-8pm","Mon","June",228,105,"Yes"
3287,"AA",1551,"BNA","4-8pm","Mon","June",150,134,"Yes"
3288,"AA",1559,"MIA","4-8pm","Mon","June",199,1,"No"
3289,"AA",1685,"MIA","4-8am","Mon","June",178,-1,"No"
3294,"AA",2011,"MIA","4-8pm","Mon","June",195,252,"Yes"
3297,"AA",2223,"STL","4-8pm","Mon","June",168,-5,"No"
3298,"AA",2255,"MIA","4-8am","Mon","June",170,2,"No"
3299,"AA",301,"ORD","4-8am","Tue","June",140,-1,"No"
3300,"AA",303,"ORD","4-8am","Tue","June",145,-6,"No"
3301,"AA",305,"ORD","4-8am","Tue","June",140,-2,"No"
3302,"AA",309,"ORD","4-8am","Tue","June",140,-6,"No"
3311,"AA",341,"ORD","4-8pm","Tue","June",160,25,"No"
3312,"AA",345,"ORD","4-8pm","Tue","June",155,0,"No"
3313,"AA",347,"ORD","4-8pm","Tue","June",168,8,"No"
3314,"AA",353,"ORD","4-8pm","Tue","June",155,104,"Yes"
3315,"AA",363,"ORD","4-8pm","Tue","June",155,51,"Yes"
3317,"AA",413,"MIA","4-8am","Tue","June",183,-7,"No"
3320,"AA",701,"DFW","4-8am","Tue","June",213,-8,"No"
3321,"AA",707,"DFW","4-8am","Tue","June",214,0,"No"
3332,"AA",763,"DFW","4-8pm","Tue","June",233,-6,"No"
3333,"AA",785,"DFW","4-8pm","Tue","June",235,2,"No"
3334,"AA",787,"DFW","4-8pm","Tue","June",228,0,"No"
3338,"AA",1551,"BNA","4-8pm","Tue","June",150,12,"No"
3339,"AA",1559,"MIA","4-8pm","Tue","June",199,63,"Yes"
3340,"AA",1685,"MIA","4-8am","Tue","June",178,-5,"No"
3345,"AA",2011,"MIA","4-8pm","Tue","June",195,120,"Yes"
3348,"AA",2223,"STL","4-8pm","Tue","June",168,-3,"No"
3349,"AA",2255,"MIA","4-8am","Tue","June",170,-3,"No"
3350,"AA",301,"ORD","4-8am","Wed","June",140,-2,"No"
3351,"AA",303,"ORD","4-8am","Wed","June",145,-6,"No"
3352,"AA",305,"ORD","4-8am","Wed","June",140,-7,"No"
3353,"AA",309,"ORD","4-8am","Wed","June",140,24,"No"
3362,"AA",341,"ORD","4-8pm","Wed","June",160,-7,"No"
3363,"AA",345,"ORD","4-8pm","Wed","June",155,-8,"No"
3364,"AA",347,"ORD","4-8pm","Wed","June",168,-4,"No"
3365,"AA",353,"ORD","4-8pm","Wed","June",155,-3,"No"
3366,"AA",363,"ORD","4-8pm","Wed","June",155,0,"No"
3368,"AA",413,"MIA","4-8am","Wed","June",183,-6,"No"
3371,"AA",701,"DFW","4-8am","Wed","June",213,-4,"No"
3372,"AA",707,"DFW","4-8am","Wed","June",214,-8,"No"
3383,"AA",763,"DFW","4-8pm","Wed","June",233,-7,"No"
3384,"AA",785,"DFW","4-8pm","Wed","June",235,-1,"No"
3385,"AA",787,"DFW","4-8pm","Wed","June",228,-9,"No"
3389,"AA",1551,"BNA","4-8pm","Wed","June",150,-6,"No"
3390,"AA",1559,"MIA","4-8pm","Wed","June",199,0,"No"
3391,"AA",1685,"MIA","4-8am","Wed","June",178,-5,"No"
3396,"AA",2011,"MIA","4-8pm","Wed","June",195,-1,"No"
3399,"AA",2223,"STL","4-8pm","Wed","June",168,-7,"No"
3400,"AA",2255,"MIA","4-8am","Wed","June",170,-7,"No"
3401,"AA",301,"ORD","4-8am","Thu","June",140,-5,"No"
3402,"AA",303,"ORD","4-8am","Thu","June",145,-6,"No"
3403,"AA",305,"ORD","4-8am","Thu","June",140,-4,"No"
3404,"AA",309,"ORD","4-8am","Thu","June",140,-4,"No"
3413,"AA",341,"ORD","4-8pm","Thu","June",160,99,"Yes"
3414,"AA",345,"ORD","4-8pm","Thu","June",155,0,"No"
3415,"AA",347,"ORD","4-8pm","Thu","June",168,35,"Yes"
3416,"AA",353,"ORD","4-8pm","Thu","June",155,140,"Yes"
3417,"AA",363,"ORD","4-8pm","Thu","June",155,99,"Yes"
3419,"AA",413,"MIA","4-8am","Thu","June",183,-2,"No"
3422,"AA",701,"DFW","4-8am","Thu","June",213,-8,"No"
3423,"AA",707,"DFW","4-8am","Thu","June",214,-1,"No"
3434,"AA",763,"DFW","4-8pm","Thu","June",233,81,"Yes"
3435,"AA",785,"DFW","4-8pm","Thu","June",235,86,"Yes"
3436,"AA",787,"DFW","4-8pm","Thu","June",228,82,"Yes"
3440,"AA",1551,"BNA","4-8pm","Thu","June",150,114,"Yes"
3441,"AA",1559,"MIA","4-8pm","Thu","June",199,100,"Yes"
3442,"AA",1685,"MIA","4-8am","Thu","June",178,9,"No"
3447,"AA",2011,"MIA","4-8pm","Thu","June",195,87,"Yes"
3450,"AA",2223,"STL","4-8pm","Thu","June",168,18,"No"
3451,"AA",2255,"MIA","4-8am","Thu","June",170,-7,"No"
3452,"AA",301,"ORD","4-8am","Fri","June",140,16,"No"
3453,"AA",303,"ORD","4-8am","Fri","June",145,-2,"No"
3454,"AA",305,"ORD","4-8am","Fri","June",140,-5,"No"
3455,"AA",309,"ORD","4-8am","Fri","June",140,-6,"No"
3464,"AA",341,"ORD","4-8pm","Fri","June",160,0,"No"
3465,"AA",345,"ORD","4-8pm","Fri","June",155,0,"No"
3466,"AA",347,"ORD","4-8pm","Fri","June",168,0,"No"
3467,"AA",353,"ORD","4-8pm","Fri","June",155,0,"No"
3468,"AA",363,"ORD","4-8pm","Fri","June",155,0,"No"
3470,"AA",413,"MIA","4-8am","Fri","June",183,-3,"No"
3473,"AA",701,"DFW","4-8am","Fri","June",213,-5,"No"
3474,"AA",707,"DFW","4-8am","Fri","June",214,0,"No"
3485,"AA",763,"DFW","4-8pm","Fri","June",233,1,"No"
3486,"AA",785,"DFW","4-8pm","Fri","June",235,0,"No"
3487,"AA",787,"DFW","4-8pm","Fri","June",228,15,"No"
3491,"AA",1551,"BNA","4-8pm","Fri","June",150,-3,"No"
3492,"AA",1559,"MIA","4-8pm","Fri","June",199,-8,"No"
3493,"AA",1685,"MIA","4-8am","Fri","June",178,0,"No"
3498,"AA",2011,"MIA","4-8pm","Fri","June",195,50,"Yes"
3501,"AA",2223,"STL","4-8pm","Fri","June",168,-5,"No"
3502,"AA",2255,"MIA","4-8am","Fri","June",170,0,"No"
3503,"AA",301,"ORD","4-8am","Sat","June",140,2,"No"
3504,"AA",305,"ORD","4-8am","Sat","June",140,-9,"No"
3505,"AA",309,"ORD","4-8am","Sat","June",140,-7,"No"
3512,"AA",341,"ORD","4-8pm","Sat","June",160,29,"No"
3513,"AA",347,"ORD","4-8pm","Sat","June",168,-3,"No"
3515,"AA",413,"MIA","4-8am","Sat","June",183,-4,"No"
3518,"AA",701,"DFW","4-8am","Sat","June",213,-3,"No"
3528,"AA",763,"DFW","4-8pm","Sat","June",233,-4,"No"
3529,"AA",785,"DFW","4-8pm","Sat","June",235,-3,"No"
3530,"AA",787,"DFW","4-8pm","Sat","June",228,-2,"No"
3532,"AA",1559,"MIA","4-8pm","Sat","June",199,-2,"No"
3533,"AA",1685,"MIA","4-8am","Sat","June",178,0,"No"
3537,"AA",2011,"MIA","4-8pm","Sat","June",195,-8,"No"
3540,"AA",2223,"STL","4-8pm","Sat","June",168,-5,"No"
3541,"AA",2255,"MIA","4-8am","Sat","June",170,-4,"No"
3542,"AA",301,"ORD","4-8am","Sun","June",140,-1,"No"
3543,"AA",303,"ORD","4-8am","Sun","June",145,-8,"No"
3544,"AA",309,"ORD","4-8am","Sun","June",140,-4,"No"
3551,"AA",341,"ORD","4-8pm","Sun","June",160,4,"No"
3552,"AA",345,"ORD","4-8pm","Sun","June",155,-6,"No"
3553,"AA",347,"ORD","4-8pm","Sun","June",168,-5,"No"
3554,"AA",353,"ORD","4-8pm","Sun","June",155,-5,"No"
3555,"AA",363,"ORD","4-8pm","Sun","June",155,-3,"No"
3557,"AA",413,"MIA","4-8am","Sun","June",183,-1,"No"
3560,"AA",701,"DFW","4-8am","Sun","June",213,-5,"No"
3561,"AA",707,"DFW","4-8am","Sun","June",214,-2,"No"
3571,"AA",763,"DFW","4-8pm","Sun","June",233,-4,"No"
3572,"AA",785,"DFW","4-8pm","Sun","June",235,21,"No"
3573,"AA",787,"DFW","4-8pm","Sun","June",228,21,"No"
3576,"AA",1551,"BNA","4-8pm","Sun","June",150,-6,"No"
3577,"AA",1559,"MIA","4-8pm","Sun","June",199,50,"Yes"
3578,"AA",1685,"MIA","4-8am","Sun","June",178,-3,"No"
3583,"AA",2011,"MIA","4-8pm","Sun","June",195,3,"No"
3586,"AA",2223,"STL","4-8pm","Sun","June",168,-2,"No"
3587,"AA",2255,"MIA","4-8am","Sun","June",170,10,"No"
3588,"AA",301,"ORD","4-8am","Mon","June",140,-4,"No"
3589,"AA",303,"ORD","4-8am","Mon","June",145,-4,"No"
3590,"AA",305,"ORD","4-8am","Mon","June",140,17,"No"
3591,"AA",309,"ORD","4-8am","Mon","June",140,-3,"No"
3600,"AA",341,"ORD","4-8pm","Mon","June",160,-3,"No"
3601,"AA",345,"ORD","4-8pm","Mon","June",155,10,"No"
3602,"AA",347,"ORD","4-8pm","Mon","June",168,1,"No"
3603,"AA",353,"ORD","4-8pm","Mon","June",155,9,"No"
3604,"AA",363,"ORD","4-8pm","Mon","June",155,33,"Yes"
3606,"AA",413,"MIA","4-8am","Mon","June",183,-8,"No"
3609,"AA",701,"DFW","4-8am","Mon","June",213,-8,"No"
3610,"AA",707,"DFW","4-8am","Mon","June",214,6,"No"
3621,"AA",763,"DFW","4-8pm","Mon","June",233,5,"No"
3622,"AA",785,"DFW","4-8pm","Mon","June",235,13,"No"
3623,"AA",787,"DFW","4-8pm","Mon","June",228,-2,"No"
3627,"AA",1551,"BNA","4-8pm","Mon","June",150,-1,"No"
3628,"AA",1559,"MIA","4-8pm","Mon","June",199,3,"No"
3629,"AA",1685,"MIA","4-8am","Mon","June",178,-2,"No"
3634,"AA",2011,"MIA","4-8pm","Mon","June",195,5,"No"
3637,"AA",2223,"STL","4-8pm","Mon","June",168,32,"Yes"
3638,"AA",2255,"MIA","4-8am","Mon","June",170,0,"No"
3639,"AA",301,"ORD","4-8am","Tue","June",140,-3,"No"
3640,"AA",303,"ORD","4-8am","Tue","June",145,-7,"No"
3641,"AA",305,"ORD","4-8am","Tue","June",140,-1,"No"
3642,"AA",309,"ORD","4-8am","Tue","June",140,-4,"No"
3651,"AA",341,"ORD","4-8pm","Tue","June",160,-4,"No"
3652,"AA",345,"ORD","4-8pm","Tue","June",155,-6,"No"
3653,"AA",347,"ORD","4-8pm","Tue","June",168,-3,"No"
3654,"AA",353,"ORD","4-8pm","Tue","June",155,0,"No"
3655,"AA",363,"ORD","4-8pm","Tue","June",155,-2,"No"
3657,"AA",413,"MIA","4-8am","Tue","June",183,-4,"No"
3660,"AA",701,"DFW","4-8am","Tue","June",213,-6,"No"
3661,"AA",707,"DFW","4-8am","Tue","June",214,-2,"No"
3672,"AA",763,"DFW","4-8pm","Tue","June",233,-2,"No"
3673,"AA",785,"DFW","4-8pm","Tue","June",235,13,"No"
3674,"AA",787,"DFW","4-8pm","Tue","June",228,3,"No"
3678,"AA",1551,"BNA","4-8pm","Tue","June",150,-9,"No"
3679,"AA",1559,"MIA","4-8pm","Tue","June",199,36,"Yes"
3680,"AA",1685,"MIA","4-8am","Tue","June",178,9,"No"
3685,"AA",2011,"MIA","4-8pm","Tue","June",195,34,"Yes"
3688,"AA",2223,"STL","4-8pm","Tue","June",168,-7,"No"
3689,"AA",2255,"MIA","4-8am","Tue","June",170,-4,"No"
3690,"AA",301,"ORD","4-8am","Wed","June",140,-1,"No"
3691,"AA",303,"ORD","4-8am","Wed","June",145,-7,"No"
3692,"AA",305,"ORD","4-8am","Wed","June",140,-4,"No"
3693,"AA",309,"ORD","4-8am","Wed","June",140,-6,"No"
3702,"AA",341,"ORD","4-8pm","Wed","June",160,21,"No"
3703,"AA",345,"ORD","4-8pm","Wed","June",155,39,"Yes"
3704,"AA",347,"ORD","4-8pm","Wed","June",168,31,"Yes"
3705,"AA",353,"ORD","4-8pm","Wed","June",155,127,"Yes"
3706,"AA",363,"ORD","4-8pm","Wed","June",155,90,"Yes"
3708,"AA",413,"MIA","4-8am","Wed","June",183,-5,"No"
3711,"AA",701,"DFW","4-8am","Wed","June",213,-6,"No"
3712,"AA",707,"DFW","4-8am","Wed","June",214,-6,"No"
3723,"AA",763,"DFW","4-8pm","Wed","June",233,214,"Yes"
3724,"AA",785,"DFW","4-8pm","Wed","June",235,4,"No"
3725,"AA",787,"DFW","4-8pm","Wed","June",228,162,"Yes"
3729,"AA",1551,"BNA","4-8pm","Wed","June",150,110,"Yes"
3730,"AA",1559,"MIA","4-8pm","Wed","June",199,22,"No"
3731,"AA",1685,"MIA","4-8am","Wed","June",178,10,"No"
3736,"AA",2011,"MIA","4-8pm","Wed","June",195,33,"Yes"
3739,"AA",2223,"STL","4-8pm","Wed","June",168,-3,"No"
3740,"AA",2255,"MIA","4-8am","Wed","June",170,0,"No"
3741,"AA",301,"ORD","4-8am","Thu","June",140,-1,"No"
3742,"AA",303,"ORD","4-8am","Thu","June",145,-4,"No"
3743,"AA",305,"ORD","4-8am","Thu","June",140,-6,"No"
3744,"AA",309,"ORD","4-8am","Thu","June",140,15,"No"
3753,"AA",341,"ORD","4-8pm","Thu","June",160,2,"No"
3754,"AA",345,"ORD","4-8pm","Thu","June",155,0,"No"
3755,"AA",347,"ORD","4-8pm","Thu","June",168,-2,"No"
3756,"AA",353,"ORD","4-8pm","Thu","June",155,22,"No"
3757,"AA",363,"ORD","4-8pm","Thu","June",155,104,"Yes"
3759,"AA",413,"MIA","4-8am","Thu","June",183,-2,"No"
3762,"AA",701,"DFW","4-8am","Thu","June",213,42,"Yes"
3763,"AA",707,"DFW","4-8am","Thu","June",214,2,"No"
3774,"AA",763,"DFW","4-8pm","Thu","June",233,108,"Yes"
3775,"AA",785,"DFW","4-8pm","Thu","June",235,-2,"No"
3776,"AA",787,"DFW","4-8pm","Thu","June",228,153,"Yes"
3780,"AA",1551,"BNA","4-8pm","Thu","June",150,-9,"No"
3781,"AA",1559,"MIA","4-8pm","Thu","June",199,17,"No"
3782,"AA",1685,"MIA","4-8am","Thu","June",178,3,"No"
3787,"AA",2011,"MIA","4-8pm","Thu","June",195,-4,"No"
3790,"AA",2223,"STL","4-8pm","Thu","June",168,31,"Yes"
3791,"AA",2255,"MIA","4-8am","Thu","June",170,12,"No"
3792,"AA",301,"ORD","4-8am","Fri","June",140,-5,"No"
3793,"AA",303,"ORD","4-8am","Fri","June",145,0,"No"
3794,"AA",305,"ORD","4-8am","Fri","June",140,-4,"No"
3795,"AA",309,"ORD","4-8am","Fri","June",140,-7,"No"
3804,"AA",341,"ORD","4-8pm","Fri","June",160,1,"No"
3805,"AA",345,"ORD","4-8pm","Fri","June",155,166,"Yes"
3806,"AA",347,"ORD","4-8pm","Fri","June",168,-2,"No"
3807,"AA",353,"ORD","4-8pm","Fri","June",155,290,"Yes"
3808,"AA",363,"ORD","4-8pm","Fri","June",155,116,"Yes"
3810,"AA",413,"MIA","4-8am","Fri","June",183,-4,"No"
3813,"AA",701,"DFW","4-8am","Fri","June",213,-6,"No"
3814,"AA",707,"DFW","4-8am","Fri","June",214,3,"No"
3825,"AA",763,"DFW","4-8pm","Fri","June",233,-1,"No"
3826,"AA",785,"DFW","4-8pm","Fri","June",235,41,"Yes"
3827,"AA",787,"DFW","4-8pm","Fri","June",228,290,"Yes"
3831,"AA",1551,"BNA","4-8pm","Fri","June",150,14,"No"
3832,"AA",1559,"MIA","4-8pm","Fri","June",199,71,"Yes"
3833,"AA",1685,"MIA","4-8am","Fri","June",178,1,"No"
3838,"AA",2011,"MIA","4-8pm","Fri","June",195,98,"Yes"
3841,"AA",2223,"STL","4-8pm","Fri","June",168,-1,"No"
3842,"AA",2255,"MIA","4-8am","Fri","June",170,0,"No"
3843,"AA",301,"ORD","4-8am","Sat","June",140,-9,"No"
3844,"AA",305,"ORD","4-8am","Sat","June",140,-3,"No"
3845,"AA",309,"ORD","4-8am","Sat","June",140,0,"No"
3852,"AA",341,"ORD","4-8pm","Sat","June",160,-5,"No"
3853,"AA",347,"ORD","4-8pm","Sat","June",168,-6,"No"
3855,"AA",413,"MIA","4-8am","Sat","June",183,17,"No"
3858,"AA",701,"DFW","4-8am","Sat","June",213,-10,"No"
3868,"AA",763,"DFW","4-8pm","Sat","June",233,-5,"No"
3869,"AA",785,"DFW","4-8pm","Sat","June",235,-6,"No"
3870,"AA",787,"DFW","4-8pm","Sat","June",228,5,"No"
3872,"AA",1559,"MIA","4-8pm","Sat","June",199,-3,"No"
3873,"AA",1685,"MIA","4-8am","Sat","June",178,4,"No"
3877,"AA",2011,"MIA","4-8pm","Sat","June",195,12,"No"
3880,"AA",2223,"STL","4-8pm","Sat","June",168,-4,"No"
3881,"AA",2255,"MIA","4-8am","Sat","June",170,0,"No"
3882,"AA",301,"ORD","4-8am","Sun","June",140,3,"No"
3883,"AA",303,"ORD","4-8am","Sun","June",145,-4,"No"
3884,"AA",309,"ORD","4-8am","Sun","June",140,-5,"No"
3891,"AA",341,"ORD","4-8pm","Sun","June",160,20,"No"
3892,"AA",345,"ORD","4-8pm","Sun","June",155,0,"No"
3893,"AA",347,"ORD","4-8pm","Sun","June",168,-5,"No"
3894,"AA",353,"ORD","4-8pm","Sun","June",155,-7,"No"
3895,"AA",363,"ORD","4-8pm","Sun","June",155,176,"Yes"
3897,"AA",413,"MIA","4-8am","Sun","June",183,-3,"No"
3900,"AA",701,"DFW","4-8am","Sun","June",213,-2,"No"
3901,"AA",707,"DFW","4-8am","Sun","June",214,-1,"No"
3911,"AA",763,"DFW","4-8pm","Sun","June",233,-4,"No"
3912,"AA",785,"DFW","4-8pm","Sun","June",235,-7,"No"
3913,"AA",787,"DFW","4-8pm","Sun","June",228,-2,"No"
3916,"AA",1551,"BNA","4-8pm","Sun","June",150,-13,"No"
3917,"AA",1559,"MIA","4-8pm","Sun","June",199,12,"No"
3918,"AA",1685,"MIA","4-8am","Sun","June",178,-2,"No"
3923,"AA",2011,"MIA","4-8pm","Sun","June",195,9,"No"
3926,"AA",2223,"STL","4-8pm","Sun","June",168,-6,"No"
3927,"AA",2255,"MIA","4-8am","Sun","June",170,-3,"No"
3928,"AA",301,"ORD","4-8am","Mon","June",140,0,"No"
3929,"AA",303,"ORD","4-8am","Mon","June",145,-3,"No"
3930,"AA",305,"ORD","4-8am","Mon","June",140,0,"No"
3931,"AA",309,"ORD","4-8am","Mon","June",140,2,"No"
3940,"AA",341,"ORD","4-8pm","Mon","June",160,-5,"No"
3941,"AA",345,"ORD","4-8pm","Mon","June",155,0,"No"
3942,"AA",347,"ORD","4-8pm","Mon","June",168,-5,"No"
3943,"AA",353,"ORD","4-8pm","Mon","June",155,0,"No"
3944,"AA",363,"ORD","4-8pm","Mon","June",155,8,"No"
3946,"AA",413,"MIA","4-8am","Mon","June",183,-2,"No"
3949,"AA",701,"DFW","4-8am","Mon","June",213,-4,"No"
3950,"AA",707,"DFW","4-8am","Mon","June",214,-4,"No"
3961,"AA",763,"DFW","4-8pm","Mon","June",233,-6,"No"
3962,"AA",785,"DFW","4-8pm","Mon","June",235,37,"Yes"
3963,"AA",787,"DFW","4-8pm","Mon","June",228,-5,"No"
3967,"AA",1551,"BNA","4-8pm","Mon","June",150,-5,"No"
3968,"AA",1559,"MIA","4-8pm","Mon","June",199,190,"Yes"
3969,"AA",1685,"MIA","4-8am","Mon","June",178,11,"No"
3974,"AA",2011,"MIA","4-8pm","Mon","June",195,-7,"No"
3977,"AA",2223,"STL","4-8pm","Mon","June",168,-5,"No"
3978,"AA",2255,"MIA","4-8am","Mon","June",170,-4,"No"
3979,"AA",301,"ORD","4-8am","Tue","June",140,0,"No"
3980,"AA",303,"ORD","4-8am","Tue","June",145,-5,"No"
3981,"AA",305,"ORD","4-8am","Tue","June",140,-1,"No"
3982,"AA",309,"ORD","4-8am","Tue","June",140,-2,"No"
3991,"AA",341,"ORD","4-8pm","Tue","June",160,0,"No"
3992,"AA",345,"ORD","4-8pm","Tue","June",155,169,"Yes"
3993,"AA",347,"ORD","4-8pm","Tue","June",168,90,"Yes"
3994,"AA",353,"ORD","4-8pm","Tue","June",155,0,"No"
3995,"AA",363,"ORD","4-8pm","Tue","June",155,0,"No"
3997,"AA",413,"MIA","4-8am","Tue","June",183,8,"No"
4000,"AA",701,"DFW","4-8am","Tue","June",213,18,"No"
4001,"AA",707,"DFW","4-8am","Tue","June",214,-1,"No"
4012,"AA",763,"DFW","4-8pm","Tue","June",233,10,"No"
4013,"AA",785,"DFW","4-8pm","Tue","June",235,0,"No"
4014,"AA",787,"DFW","4-8pm","Tue","June",228,0,"No"
4018,"AA",1551,"BNA","4-8pm","Tue","June",150,0,"No"
4019,"AA",1559,"MIA","4-8pm","Tue","June",199,1,"No"
4020,"AA",1685,"MIA","4-8am","Tue","June",178,14,"No"
4025,"AA",2011,"MIA","4-8pm","Tue","June",195,10,"No"
4028,"AA",2223,"STL","4-8pm","Tue","June",168,16,"No"
4029,"AA",2255,"MIA","4-8am","Tue","June",170,-2,"No"
